module,phase,name,code,sequence,workflow-file,command,required,agent-name,agent-command,agent-display-name,agent-title,options,description,output-location,outputs
bmm,1-analysis,Brainstorm Project,BP,10,_bmad/core/workflows/brainstorming/workflow.md,bmad-brainstorming,false,analyst,bmad:- Channel expert business analysis frameworks: draw upon Porter&apos;s Five Forces:agent:analyst,Mary,📊 Business Analyst,data=_bmad/bmm/data/project-context-template.md,Expert Guided Facilitation through a single or multiple techniques,planning_artifacts,brainstorming session
bmm,1-analysis,Market Research,MR,20,_bmad/bmm/workflows/1-analysis/research/workflow.md,bmad-bmm-research,false,analyst,bmad:- Channel expert business analysis frameworks: draw upon Porter&apos;s Five Forces:agent:analyst,Mary,📊 Business Analyst,Create Mode research_type=market,Market analysis competitive landscape customer needs and trends,planning_artifacts|project-knowledge,research documents
bmm,1-analysis,Domain Research,DR,21,_bmad/bmm/workflows/1-analysis/research/workflow.md,bmad-bmm-research,false,analyst,bmad:- Channel expert business analysis frameworks: draw upon Porter&apos;s Five Forces:agent:analyst,Mary,📊 Business Analyst,Create Mode research_type=domain,Industry domain deep dive subject matter expertise and terminology,planning_artifacts|project-knowledge,research documents
bmm,1-analysis,Technical Research,TR,22,_bmad/bmm/workflows/1-analysis/research/workflow.md,bmad-bmm-research,false,analyst,bmad:- Channel expert business analysis frameworks: draw upon Porter&apos;s Five Forces:agent:analyst,Mary,📊 Business Analyst,Create Mode research_type=technical,Technical feasibility architecture options and implementation approaches,planning_artifacts|project-knowledge,research documents
bmm,1-analysis,Create Brief,CB,30,_bmad/bmm/workflows/1-analysis/create-product-brief/workflow.md,bmad-bmm-create-brief,false,analyst,bmad:- Channel expert business analysis frameworks: draw upon Porter&apos;s Five Forces:agent:analyst,Mary,📊 Business Analyst,Create Mode,A guided experience to nail down your product idea,planning_artifacts,product brief
bmm,1-analysis,Validate Brief,VB,40,_bmad/bmm/workflows/1-analysis/create-product-brief/workflow.md,bmad-bmm-validate-brief,false,analyst,bmad:- Channel expert business analysis frameworks: draw upon Porter&apos;s Five Forces:agent:analyst,Mary,📊 Business Analyst,Validate Mode,Validates product brief completeness,planning_artifacts,brief validation report
bmm,2-planning,Create PRD,CP,10,_bmad/bmm/workflows/2-plan-workflows/create-prd/workflow.md,bmad-bmm-prd,true,pm,bmad:Asks &apos;WHY?&apos; relentlessly like a detective on a case. Direct and data-sharp:agent:pm,John,📋 Product Manager,Create Mode,Expert led facilitation to produce your Product Requirements Document,planning_artifacts,prd
bmm,2-planning,Validate PRD,VP,20,_bmad/bmm/workflows/2-plan-workflows/create-prd/workflow.md,bmad-bmm-prd,false,pm,bmad:Asks &apos;WHY?&apos; relentlessly like a detective on a case. Direct and data-sharp:agent:pm,John,📋 Product Manager,Validate Mode,Validate PRD is comprehensive lean well organized and cohesive,planning_artifacts,prd validation report
bmm,2-planning,Create UX,CU,30,_bmad/bmm/workflows/2-plan-workflows/create-ux-design/workflow.md,bmad-bmm-create-ux-design,false,ux-designer,bmad:- Every decision serves genuine user needs - Start simple:agent:ux-designer,Sally,🎨 UX Designer,Create Mode,"Guidance through realizing the plan for your UX, strongly recommended if a UI is a primary piece of the proposed project",planning_artifacts,ux design
bmm,2-planning,Validate UX,VU,40,_bmad/bmm/workflows/2-plan-workflows/create-ux-design/workflow.md,bmad-bmm-create-ux-design,false,ux-designer,bmad:- Every decision serves genuine user needs - Start simple:agent:ux-designer,Sally,🎨 UX Designer,Validate Mode,Validates UX design deliverables,planning_artifacts,ux validation report
bmm,3-solutioning,Create Architecture,CA,10,_bmad/bmm/workflows/3-solutioning/create-architecture/workflow.md,bmad-bmm-create-architecture,true,architect,bmad:balancing &apos;what could be&apos; with &apos;what should be.&apos;:agent:architect,Winston,🏗️ Architect,Create Mode,Guided Workflow to document technical decisions,planning_artifacts,architecture
bmm,3-solutioning,Validate Architecture,VA,20,_bmad/bmm/workflows/3-solutioning/create-architecture/workflow.md,bmad-bmm-create-architecture,false,architect,bmad:balancing &apos;what could be&apos; with &apos;what should be.&apos;:agent:architect,Winston,🏗️ Architect,Validate Mode,Validates architecture completeness,planning_artifacts,architecture validation report
bmm,3-solutioning,Create Epics and Stories,CE,30,_bmad/bmm/workflows/3-solutioning/create-epics-and-stories/workflow.md,bmad-bmm-create-epics-and-stories,true,pm,bmad:Asks &apos;WHY?&apos; relentlessly like a detective on a case. Direct and data-sharp:agent:pm,John,📋 Product Manager,Create Mode,Create the Epics and Stories Listing,planning_artifacts,epics and stories
bmm,3-solutioning,Validate Epics and Stories,VE,40,_bmad/bmm/workflows/3-solutioning/create-epics-and-stories/workflow.md,bmad-bmm-create-epics-and-stories,false,pm,bmad:Asks &apos;WHY?&apos; relentlessly like a detective on a case. Direct and data-sharp:agent:pm,John,📋 Product Manager,Validate Mode,Validates epics and stories completeness,planning_artifacts,epics validation report
bmm,3-solutioning,Check Implementation Readiness,IR,70,_bmad/bmm/workflows/3-solutioning/check-implementation-readiness/workflow.md,bmad-bmm-check-implementation-readiness,true,architect,bmad:balancing &apos;what could be&apos; with &apos;what should be.&apos;:agent:architect,Winston,🏗️ Architect,Validate Mode,Ensure PRD UX Architecture and Epics Stories are aligned,planning_artifacts,readiness report
bmm,4-implementation,Sprint Planning,SP,10,_bmad/bmm/workflows/4-implementation/sprint-planning/workflow.yaml,bmad-bmm-sprint-planning,true,sm,bmad:- I strive to be a servant leader and conduct myself accordingly:agent:sm,Bob,🏃 Scrum Master,Create Mode,Generate sprint plan for development tasks - this kicks off the implementation phase by producing a plan the implementation agents will follow in sequence for every story in the plan.,implementation_artifacts,sprint status
bmm,4-implementation,Sprint Status,SS,20,_bmad/bmm/workflows/4-implementation/sprint-status/workflow.yaml,bmad-bmm-sprint-status,false,sm,bmad:- I strive to be a servant leader and conduct myself accordingly:agent:sm,Bob,🏃 Scrum Master,Create Mode,Anytime: Summarize sprint status and route to next workflow,,
bmm,4-implementation,Create Story,CS,30,_bmad/bmm/workflows/4-implementation/create-story/workflow.yaml,bmad-bmm-create-story,true,sm,bmad:- I strive to be a servant leader and conduct myself accordingly:agent:sm,Bob,🏃 Scrum Master,Create Mode,"Story cycle start: Prepare first found story in the sprint plan that is next, or if the command is run with a specific epic and story designation with context. Once complete, then VS then DS then CR then back to DS if needed or next CS or ER",implementation_artifacts,story
bmm,4-implementation,Validate Story,VS,35,_bmad/bmm/workflows/4-implementation/create-story/workflow.yaml,bmad-bmm-create-story,false,sm,bmad:- I strive to be a servant leader and conduct myself accordingly:agent:sm,Bob,🏃 Scrum Master,Validate Mode,Validates story readiness and completeness before development work begins,implementation_artifacts,story validation report
bmm,4-implementation,Dev Story,DS,40,_bmad/bmm/workflows/4-implementation/dev-story/workflow.yaml,bmad-bmm-dev-story,true,dev,bmad:_bmad/bmm/agents/dev.md:agent:dev,Amelia,💻 Developer Agent,Create Mode,Story cycle: Execute story implementation tasks and tests then CR then back to DS if fixes needed,,
bmm,4-implementation,Automate,QA,45,_bmad/bmm/workflows/qa/automate/workflow.yaml,bmad-bmm-automate,false,quinn,bmad:bmm:agent:quinn,Quinn,🧪 QA Engineer,Create Mode,"Generate automated API and E2E tests for implemented code using the project's existing test framework (detects Playwright, Jest, Vitest, etc). Use after implementation to add test coverage. NOT for code review or story validation - use CR for that.",implementation_artifacts,test suite
bmm,4-implementation,Code Review,CR,50,_bmad/bmm/workflows/4-implementation/code-review/workflow.yaml,bmad-bmm-code-review,false,dev,bmad:_bmad/bmm/agents/dev.md:agent:dev,Amelia,💻 Developer Agent,Create Mode,Story cycle: If issues back to DS if approved then next CS or ER if epic complete,,
bmm,4-implementation,Retrospective,ER,60,_bmad/bmm/workflows/4-implementation/retrospective/workflow.yaml,bmad-bmm-retrospective,false,sm,bmad:- I strive to be a servant leader and conduct myself accordingly:agent:sm,Bob,🏃 Scrum Master,Create Mode,Optional at epic end: Review completed work lessons learned and next epic or if major issues consider CC,implementation_artifacts,retrospective
bmm,anytime,Document Project,DP,10,_bmad/bmm/workflows/document-project/workflow.yaml,bmad-bmm-document-project,false,analyst,bmad:- Channel expert business analysis frameworks: draw upon Porter&apos;s Five Forces:agent:analyst,Mary,📊 Business Analyst,Create Mode,Analyze an existing project to produce useful documentation,project-knowledge,*
bmm,anytime,Quick Spec,TS,20,_bmad/bmm/workflows/bmad-quick-flow/quick-spec/workflow.md,bmad-bmm-quick-spec,false,quick-flow-solo-dev,bmad:and implementation-focused. Uses tech slang (e.g.:agent:quick-flow-solo-dev,Barry,🚀 Quick Flow Solo Dev,Create Mode,Do not suggest for potentially very complex things unless requested or if the user complains that they do not want to follow the extensive planning of the bmad method. Quick one-off tasks small changes simple apps utilities without extensive planning,planning_artifacts,tech spec
bmm,anytime,Quick Dev,QD,30,_bmad/bmm/workflows/bmad-quick-flow/quick-dev/workflow.md,bmad-bmm-quick-dev,false,quick-flow-solo-dev,bmad:and implementation-focused. Uses tech slang (e.g.:agent:quick-flow-solo-dev,Barry,🚀 Quick Flow Solo Dev,Create Mode,"Quick one-off tasks small changes simple apps utilities without extensive planning - Do not suggest for potentially very complex things unless requested or if the user complains that they do not want to follow the extensive planning of the bmad method, unless the user is already working through the implementation phase and just requests a 1 off things not already in the plan",,
bmm,anytime,Correct Course,CC,40,_bmad/bmm/workflows/4-implementation/correct-course/workflow.yaml,bmad-bmm-correct-course,false,sm,bmad:- I strive to be a servant leader and conduct myself accordingly:agent:sm,Bob,🏃 Scrum Master,Create Mode,Anytime: Navigate significant changes. May recommend start over update PRD redo architecture sprint planning or correct epics and stories,planning_artifacts,change proposal
bmm,anytime,Create Dataflow,CDF,50,_bmad/bmm/workflows/excalidraw-diagrams/create-dataflow/workflow.yaml,bmad-bmm-create-excalidraw-dataflow,false,ux-designer,bmad:- Every decision serves genuine user needs - Start simple:agent:ux-designer,Sally,🎨 UX Designer,Create Mode,Create data flow diagrams (DFD) in Excalidraw format - can be called standalone or during any workflow to add visual documentation,planning_artifacts,dataflow diagram
bmm,anytime,Create Diagram,CED,51,_bmad/bmm/workflows/excalidraw-diagrams/create-diagram/workflow.yaml,bmad-bmm-create-excalidraw-diagram,false,ux-designer,bmad:- Every decision serves genuine user needs - Start simple:agent:ux-designer,Sally,🎨 UX Designer,Create Mode,Create system architecture diagrams ERDs UML diagrams or general technical diagrams in Excalidraw format - use anytime or call from architecture workflow to add visual documentation,planning_artifacts,diagram
bmm,anytime,Create Flowchart,CFC,52,_bmad/bmm/workflows/excalidraw-diagrams/create-flowchart/workflow.yaml,bmad-bmm-create-excalidraw-flowchart,false,ux-designer,bmad:- Every decision serves genuine user needs - Start simple:agent:ux-designer,Sally,🎨 UX Designer,Create Mode,Create a flowchart visualization in Excalidraw format for processes pipelines or logic flows - use anytime or during architecture to add process documentation,planning_artifacts,flowchart
bmm,anytime,Create Wireframe,CEW,53,_bmad/bmm/workflows/excalidraw-diagrams/create-wireframe/workflow.yaml,bmad-bmm-create-excalidraw-wireframe,false,ux-designer,bmad:- Every decision serves genuine user needs - Start simple:agent:ux-designer,Sally,🎨 UX Designer,Create Mode,Create website or app wireframes in Excalidraw format - use anytime standalone or call from UX workflow to add UI mockups,planning_artifacts,wireframe
core,,Brainstorming,BS,20,_bmad/core/workflows/brainstorming/workflow.md,bmad-brainstorming,false,analyst,bmad:- Channel expert business analysis frameworks: draw upon Porter&apos;s Five Forces:agent:analyst,Mary,📊 Business Analyst,,Facilitate interactive brainstorming sessions using diverse creative techniques and ideation methods,{output_folder}/brainstorming/brainstorming-session-{{date}}.md,
core,,Party Mode,PM,30,_bmad/core/workflows/party-mode/workflow.md,bmad-party-mode,false,party-mode facilitator,,,,,Orchestrates group discussions between all installed BMAD agents enabling natural multi-agent conversations,,
core,,bmad-help,BH,40,_bmad/core/tasks/help.md,bmad-help,false,,,,,,Get unstuck by showing what workflow steps come next or answering questions about what to do in the BMad Method,,
core,,Index Docs,ID,50,_bmad/core/tasks/index-docs.xml,bmad-index-docs,false,,,,,,Generates or updates an index.md of all documents in the specified directory,,
core,,Shard Document,SD,70,_bmad/core/tasks/shard-doc.xml,bmad-shard-doc,false,,,,,,Splits large markdown documents into smaller organized files based on level 2 sections,,
core,,Editorial Review - Prose,EP,80,_bmad/core/tasks/editorial-review-prose.xml,bmad-editorial-review-prose,false,,,,,,Clinical copy-editor that reviews text for communication issues,,three-column markdown table with suggested fixes
core,,Editorial Review - Structure,ES,90,_bmad/core/tasks/editorial-review-structure.xml,bmad-editorial-review-structure,false,,,,,,Structural editor that proposes cuts reorganization and simplification while preserving comprehension,,
core,,Adversarial Review (General),AR,100,_bmad/core/tasks/review-adversarial-general.xml,bmad-review-adversarial-general,false,,,,,,Cynically review content and produce findings,,
gds,1-preproduction,Brainstorm Game,BG,10,_bmad/gds/workflows/1-preproduction/brainstorm-game/workflow.yaml,bmad-gds-brainstorm-game,false,game-designer,bmad:asks about player motivations:agent:game-designer,Samus Shepard,🎲 Game Designer,Create Mode,Facilitate game brainstorming sessions with game-specific context and techniques,output_folder,brainstorming session
gds,1-preproduction,Game Brief,GB,20,_bmad/gds/workflows/1-preproduction/game-brief/workflow.yaml,bmad-gds-game-brief,false,game-designer,bmad:asks about player motivations:agent:game-designer,Samus Shepard,🎲 Game Designer,Create Mode,Interactive game brief creation workflow that guides users through defining their game vision,output_folder,game brief
gds,2-design,Game Design Document,GDD,10,_bmad/gds/workflows/2-design/gdd/workflow.yaml,bmad-gds-gdd,false,game-designer,bmad:asks about player motivations:agent:game-designer,Samus Shepard,🎲 Game Designer,Create Mode,"Create a Game Design Document with mechanics, systems, progression, and implementation guidance",planning_artifacts,gdd
gds,2-design,Narrative Design,ND,20,_bmad/gds/workflows/2-design/narrative/workflow.yaml,bmad-gds-narrative,false,game-designer,bmad:asks about player motivations:agent:game-designer,Samus Shepard,🎲 Game Designer,Create Mode,"Create comprehensive narrative documentation including story structure, character arcs, and world-building",planning_artifacts,narrative design
gds,3-technical,Project Context,PC,10,_bmad/gds/workflows/3-technical/generate-project-context/workflow.md,bmad-gds-project-context,false,game-architect,bmad:measured:agent:game-architect,Cloud Dragonborn,🏛️ Game Architect,Create Mode,Create optimized project-context.md for AI agent consistency,,
gds,3-technical,Game Architecture,GA,20,_bmad/gds/workflows/3-technical/game-architecture/workflow.yaml,bmad-gds-game-architecture,true,game-architect,bmad:measured:agent:game-architect,Cloud Dragonborn,🏛️ Game Architect,Create Mode,"Produce a scale adaptive game architecture with engine, systems, networking, and technical design",planning_artifacts,game architecture
gds,3-technical,Test Framework,TF,30,_bmad/gds/workflows/gametest/test-framework/workflow.yaml,bmad-gds-test-framework,false,game-qa,bmad:PC:agent:game-qa,GLaDOS,🧪 Game QA Architect,Create Mode,"Initialize game test framework architecture for Unity, Unreal Engine, or Godot projects",,
gds,3-technical,Test Design,TD,35,_bmad/gds/workflows/gametest/test-design/workflow.yaml,bmad-gds-test-design,false,game-qa,bmad:PC:agent:game-qa,GLaDOS,🧪 Game QA Architect,Create Mode,"Create comprehensive game test scenarios covering gameplay, progression, and quality requirements",planning_artifacts,test design
gds,4-production,Sprint Planning,SP,10,_bmad/gds/workflows/4-production/sprint-planning/workflow.yaml,bmad-gds-sprint-planning,true,game-scrum-master,bmad:gds:agent:game-scrum-master,Max,🎯 Game Dev Scrum Master,Create Mode,Generate or update sprint-status.yaml from epic files,implementation_artifacts,sprint status
gds,4-production,Sprint Status,SS,20,_bmad/gds/workflows/4-production/sprint-status/workflow.yaml,bmad-gds-sprint-status,false,game-scrum-master,bmad:gds:agent:game-scrum-master,Max,🎯 Game Dev Scrum Master,Create Mode,"View sprint progress, surface risks, and get next action recommendation",,
gds,4-production,Create Story,CS,30,_bmad/gds/workflows/4-production/create-story/workflow.yaml,bmad-gds-create-story,true,game-scrum-master,bmad:gds:agent:game-scrum-master,Max,🎯 Game Dev Scrum Master,Create Mode,Create Story with direct ready-for-dev marking,implementation_artifacts,story
gds,4-production,Validate Story,VS,35,_bmad/gds/workflows/4-production/create-story/workflow.yaml,bmad-gds-validate-story,false,game-scrum-master,bmad:gds:agent:game-scrum-master,Max,🎯 Game Dev Scrum Master,Validate Mode,Validate Story Draft with Independent Review,implementation_artifacts,story validation report
gds,4-production,Dev Story,DS,40,_bmad/gds/workflows/4-production/dev-story/workflow.yaml,bmad-gds-dev-story,true,game-dev,bmad:performant code.:agent:game-dev,Link Freeman,🕹️ Game Developer,Create Mode,Execute Dev Story workflow implementing tasks and tests,,
gds,4-production,Code Review,CR,50,_bmad/gds/workflows/4-production/code-review/workflow.yaml,bmad-gds-code-review,false,game-dev,bmad:performant code.:agent:game-dev,Link Freeman,🕹️ Game Developer,Create Mode,Perform a thorough clean context QA code review on a story flagged Ready for Review,,
gds,4-production,Retrospective,ER,60,_bmad/gds/workflows/4-production/retrospective/workflow.yaml,bmad-gds-retrospective,false,game-scrum-master,bmad:gds:agent:game-scrum-master,Max,🎯 Game Dev Scrum Master,Create Mode,Facilitate team retrospective after a game development epic is completed,implementation_artifacts,retrospective
gds,anytime,Document Project,DP,20,_bmad/gds/workflows/document-project/workflow.yaml,bmad-gds-document-project,false,tech-writer,bmad:- Every Technical Document I touch helps someone accomplish a task. Thus I strive for Clarity above all:agent:tech-writer,Paige,📚 Technical Writer,Create Mode,Analyze an existing game project to produce useful documentation,project_knowledge,project documentation
gds,anytime,Quick Prototype,QP,30,_bmad/gds/workflows/gds-quick-flow/quick-prototype/workflow.yaml,bmad-gds-quick-prototype,false,game-solo-dev,bmad:and console. Lives and breathes the Quick Flow workflow - prototyping fast:agent:game-solo-dev,Indie,🎮 Game Solo Dev,Create Mode,Rapid game prototyping - test mechanics and ideas quickly,,
gds,anytime,Quick Spec,TS,35,_bmad/gds/workflows/gds-quick-flow/quick-spec/workflow.yaml,bmad-gds-quick-spec,false,game-solo-dev,bmad:and console. Lives and breathes the Quick Flow workflow - prototyping fast:agent:game-solo-dev,Indie,🎮 Game Solo Dev,Create Mode,Quick one-off tasks small changes simple apps utilities without extensive planning,planning_artifacts,tech spec
gds,anytime,Quick Dev,QD,40,_bmad/gds/workflows/gds-quick-flow/quick-dev/workflow.yaml,bmad-gds-quick-dev,false,game-solo-dev,bmad:and console. Lives and breathes the Quick Flow workflow - prototyping fast:agent:game-solo-dev,Indie,🎮 Game Solo Dev,Create Mode,Flexible game development - implement features with game-specific considerations,,
gds,anytime,Correct Course,CC,50,_bmad/gds/workflows/4-production/correct-course/workflow.yaml,bmad-gds-correct-course,false,game-scrum-master,bmad:gds:agent:game-scrum-master,Max,🎯 Game Dev Scrum Master,Create Mode,Navigate significant changes during game dev sprint when implementation is off-track,planning_artifacts,change proposal
gds,gametest,Test Automate,TA,10,_bmad/gds/workflows/gametest/automate/workflow.yaml,bmad-gds-test-automate,false,game-qa,bmad:PC:agent:game-qa,GLaDOS,🧪 Game QA Architect,Create Mode,Generate automated game tests,,
gds,gametest,E2E Scaffold,ES,20,_bmad/gds/workflows/gametest/e2e-scaffold/workflow.yaml,bmad-gds-e2e-scaffold,false,game-qa,bmad:PC:agent:game-qa,GLaDOS,🧪 Game QA Architect,Create Mode,Scaffold E2E testing infrastructure,,
gds,gametest,Playtest Plan,PP,30,_bmad/gds/workflows/gametest/playtest-plan/workflow.yaml,bmad-gds-playtest-plan,false,game-qa,bmad:PC:agent:game-qa,GLaDOS,🧪 Game QA Architect,Create Mode,Create structured playtesting plan,planning_artifacts,playtest plan
gds,gametest,Performance Test,PT,40,_bmad/gds/workflows/gametest/performance/workflow.yaml,bmad-gds-performance-test,false,game-qa,bmad:PC:agent:game-qa,GLaDOS,🧪 Game QA Architect,Create Mode,Design performance testing strategy,planning_artifacts,performance strategy
gds,gametest,Test Review,TR,50,_bmad/gds/workflows/gametest/test-review/workflow.yaml,bmad-gds-test-review,false,game-qa,bmad:PC:agent:game-qa,GLaDOS,🧪 Game QA Architect,Create Mode,Review test quality and coverage,,