type,name,module,path,hash
"csv","agent-manifest","_config","_config/agent-manifest.csv","c40083f245016a4247a369acd23238b79aad4830182209226562b82f2d322847"
"csv","task-manifest","_config","_config/task-manifest.csv","547f75ca48295ade53b4958d38f24d8dd2c87b77197ea4fc74bd00a4ac115821"
"csv","workflow-manifest","_config","_config/workflow-manifest.csv","a175476da7e658956a53e48dab97cc13518a3a8e47f6ed324f0a5e03c0a1a649"
"yaml","manifest","_config","_config/manifest.yaml","f1d6dfb66f3e95a6be94ed2854202ac1f8098a0e60f6c3832215df9fd21b8488"
"md","documentation-standards","_memory","_memory/tech-writer-sidecar/documentation-standards.md","b046192ee42fcd1a3e9b2ae6911a0db38510323d072c8d75bad0594f943039e4"
"yaml","config","_memory","_memory/config.yaml","5ea2b9a646e104769c6c57d01b0c75b066d5e9e6e8925fbffd3f5451ca40cf48"
"csv","default-party","bmm","bmm/teams/default-party.csv","5af107a5b9e9092aeb81bd8c8b9bbe7003afb7bc500e64d56da7cc27ae0c4a6e"
"csv","documentation-requirements","bmm","bmm/workflows/document-project/documentation-requirements.csv","d1253b99e88250f2130516b56027ed706e643bfec3d99316727a4c6ec65c6c1d"
"csv","domain-complexity","bmm","bmm/workflows/2-plan-workflows/create-prd/data/domain-complexity.csv","ed4d30e9fd87db2d628fb66cac7a302823ef6ebb3a8da53b9265326f10a54e11"
"csv","domain-complexity","bmm","bmm/workflows/3-solutioning/create-architecture/data/domain-complexity.csv","cb9244ed2084143146f9f473244ad9cf63d33891742b9f6fbcb6e354fa4f3a93"
"csv","module-help","bmm","bmm/module-help.csv","478f39a4a7e7434812792dec277f67273cc54f4794462819afa8b863b48222bc"
"csv","project-types","bmm","bmm/workflows/2-plan-workflows/create-prd/data/project-types.csv","7a01d336e940fb7a59ff450064fd1194cdedda316370d939264a0a0adcc0aca3"
"csv","project-types","bmm","bmm/workflows/3-solutioning/create-architecture/data/project-types.csv","12343635a2f11343edb1d46906981d6f5e12b9cad2f612e13b09460b5e5106e7"
"json","excalidraw-library","bmm","bmm/workflows/excalidraw-diagrams/_shared/excalidraw-library.json","8e5079f4e79ff17f4781358423f2126a1f14ab48bbdee18fd28943865722030c"
"json","project-scan-report-schema","bmm","bmm/workflows/document-project/templates/project-scan-report-schema.json","53255f15a10cab801a1d75b4318cdb0095eed08c51b3323b7e6c236ae6b399b7"
"md","architecture-decision-template","bmm","bmm/workflows/3-solutioning/create-architecture/architecture-decision-template.md","5d9adf90c28df61031079280fd2e49998ec3b44fb3757c6a202cda353e172e9f"
"md","checklist","bmm","bmm/workflows/4-implementation/code-review/checklist.md","e30d2890ba5c50777bbe04071f754e975a1d7ec168501f321a79169c4201dd28"
"md","checklist","bmm","bmm/workflows/4-implementation/correct-course/checklist.md","24a3f3e0108398d490dcfbe8669afc50226673cad494f16a668b515ab24bf709"
"md","checklist","bmm","bmm/workflows/4-implementation/create-story/checklist.md","5154aa874c6a79285eba644493e87411c6021baff72859490db6e693d15e0bb9"
"md","checklist","bmm","bmm/workflows/4-implementation/dev-story/checklist.md","630b68c6824a8785003a65553c1f335222b17be93b1bd80524c23b38bde1d8af"
"md","checklist","bmm","bmm/workflows/4-implementation/sprint-planning/checklist.md","80b10aedcf88ab1641b8e5f99c9a400c8fd9014f13ca65befc5c83992e367dd7"
"md","checklist","bmm","bmm/workflows/document-project/checklist.md","581b0b034c25de17ac3678db2dbafedaeb113de37ddf15a4df6584cf2324a7d7"
"md","checklist","bmm","bmm/workflows/excalidraw-diagrams/create-dataflow/checklist.md","f420aaf346833dfda5454ffec9f90a680e903453bcc4d3e277d089e6781fec55"
"md","checklist","bmm","bmm/workflows/excalidraw-diagrams/create-diagram/checklist.md","6357350a6e2237c1b819edd8fc847e376192bf802000cb1a4337c9584fc91a18"
"md","checklist","bmm","bmm/workflows/excalidraw-diagrams/create-flowchart/checklist.md","45aaf882b8e9a1042683406ae2cfc0b23d3d39bd1dac3ddb0778d5b7165f7047"
"md","checklist","bmm","bmm/workflows/excalidraw-diagrams/create-wireframe/checklist.md","588f9354bf366c173aa261cf5a8b3a87c878ea72fd2c0f8088c4b3289e984641"
"md","checklist","bmm","bmm/workflows/qa/automate/checklist.md","83cd779c6527ff34184dc86f9eebfc0a8a921aee694f063208aee78f80a8fb12"
"md","deep-dive-instructions","bmm","bmm/workflows/document-project/workflows/deep-dive-instructions.md","8cb3d32d7685e5deff4731c2003d30b4321ef6c29247b3ddbe672c185e022604"
"md","deep-dive-template","bmm","bmm/workflows/document-project/templates/deep-dive-template.md","6198aa731d87d6a318b5b8d180fc29b9aa53ff0966e02391c17333818e94ffe9"
"md","epics-template","bmm","bmm/workflows/3-solutioning/create-epics-and-stories/templates/epics-template.md","b8ec5562b2a77efd80c40eba0421bbaab931681552e5a0ff01cd93902c447ff7"
"md","full-scan-instructions","bmm","bmm/workflows/document-project/workflows/full-scan-instructions.md","6c6e0d77b33f41757eed8ebf436d4def69cd6ce412395b047bf5909f66d876aa"
"md","index-template","bmm","bmm/workflows/document-project/templates/index-template.md","42c8a14f53088e4fda82f26a3fe41dc8a89d4bcb7a9659dd696136378b64ee90"
"md","instructions","bmm","bmm/workflows/4-implementation/correct-course/instructions.md","afdf74701cd2e1200efeb4af24e99a52b013c4c150c1736c56b5d34f003c0a94"
"md","instructions","bmm","bmm/workflows/4-implementation/retrospective/instructions.md","c1357ee8149935b391db1fd7cc9869bf3b450132f04d27fbb11906d421923bf8"
"md","instructions","bmm","bmm/workflows/4-implementation/sprint-planning/instructions.md","8ac972eb08068305223e37dceac9c3a22127062edae2692f95bc16b8dbafa046"
"md","instructions","bmm","bmm/workflows/4-implementation/sprint-status/instructions.md","0d2a75639c9e402c06bf0dfab51cdacf8f63e4401ae4bc5e7fe9e92e7779bba1"
"md","instructions","bmm","bmm/workflows/document-project/instructions.md","8807cf832c2bce8062280e10ae00928e4e147d148dd326fb6437571531e22723"
"md","instructions","bmm","bmm/workflows/excalidraw-diagrams/create-dataflow/instructions.md","c3fc2918879988d73ee23279eb5e3d289c46f8271fd824ddbd3ff216303ce33c"
"md","instructions","bmm","bmm/workflows/excalidraw-diagrams/create-diagram/instructions.md","cccf1d3d9c4a701a1813ca94503e0c4319d6f517ebfe6b4c22d59043975f4119"
"md","instructions","bmm","bmm/workflows/excalidraw-diagrams/create-flowchart/instructions.md","1910dc06714779abbe4f6f6fceb7a74fc87ca009cddc5c34e9ab97279cc47a65"
"md","instructions","bmm","bmm/workflows/excalidraw-diagrams/create-wireframe/instructions.md","e40389e71f3afa125ebf4587c58c08753cd6c9bbe4f473c1af02b022ac4be350"
"md","instructions","bmm","bmm/workflows/qa/automate/instructions.md","3f3505f847f943b2f4a0699017c16e15fa3782f51090a0332304d7248e020e0c"
"md","prd-purpose","bmm","bmm/workflows/2-plan-workflows/create-prd/data/prd-purpose.md","49c4641b91504bb14e3887029b70beacaff83a2de200ced4f8cb11c1356ecaee"
"md","prd-template","bmm","bmm/workflows/2-plan-workflows/create-prd/templates/prd-template.md","7ccccab9c06a626b7a228783b0b9b6e4172e9ec0b10d47bbfab56958c898f837"
"md","product-brief.template","bmm","bmm/workflows/1-analysis/create-product-brief/product-brief.template.md","ae0f58b14455efd75a0d97ba68596a3f0b58f350cd1a0ee5b1af69540f949781"
"md","project-context-template","bmm","bmm/data/project-context-template.md","facd60b71649247146700b1dc7d709fa0ae09487f7cf2b5ff8f5ce1b3a8427e8"
"md","project-overview-template","bmm","bmm/workflows/document-project/templates/project-overview-template.md","a7c7325b75a5a678dca391b9b69b1e3409cfbe6da95e70443ed3ace164e287b2"
"md","readiness-report-template","bmm","bmm/workflows/3-solutioning/check-implementation-readiness/templates/readiness-report-template.md","0da97ab1e38818e642f36dc0ef24d2dae69fc6e0be59924dc2dbf44329738ff6"
"md","research.template","bmm","bmm/workflows/1-analysis/research/research.template.md","507bb6729476246b1ca2fca4693986d286a33af5529b6cd5cb1b0bb5ea9926ce"
"md","source-tree-template","bmm","bmm/workflows/document-project/templates/source-tree-template.md","109bc335ebb22f932b37c24cdc777a351264191825444a4d147c9b82a1e2ad7a"
"md","step-01-document-discovery","bmm","bmm/workflows/3-solutioning/check-implementation-readiness/steps/step-01-document-discovery.md","38534f136dc150f09478c2510cf955dd1a7912e6d46145b29a9318a55dba8e3e"
"md","step-01-init","bmm","bmm/workflows/1-analysis/create-product-brief/steps/step-01-init.md","256c5f87e9449ab921614e2f23644a6b5a1222178320d863429ee2a284905e32"
"md","step-01-init","bmm","bmm/workflows/1-analysis/research/domain-steps/step-01-init.md","efee243f13ef54401ded88f501967b8bc767460cec5561b2107fc03fe7b7eab1"
"md","step-01-init","bmm","bmm/workflows/1-analysis/research/market-steps/step-01-init.md","ee7627e44ba76000569192cbacf2317f8531fd0fedc4801035267dc71d329787"
"md","step-01-init","bmm","bmm/workflows/1-analysis/research/technical-steps/step-01-init.md","c9a1627ecd26227e944375eb691e7ee6bc9f5db29a428a5d53e5d6aef8bb9697"
"md","step-01-init","bmm","bmm/workflows/2-plan-workflows/create-prd/steps-c/step-01-init.md","6ad502fa5bf5639eaf6a42e8f0bc0f2b811e0a3fd2ae3a24ed3333365f99e23c"
"md","step-01-init","bmm","bmm/workflows/2-plan-workflows/create-ux-design/steps/step-01-init.md","7b3467a29126c9498b57b06d688f610bcb7a68a8975208c209dd1103546bc455"
"md","step-01-init","bmm","bmm/workflows/3-solutioning/create-architecture/steps/step-01-init.md","c730b1f23f0298853e5bf0b9007c2fc86e835fb3d53455d2068a6965d1192f49"
"md","step-01-mode-detection","bmm","bmm/workflows/bmad-quick-flow/quick-dev/steps/step-01-mode-detection.md","9e0ab4372997aeda89ebacfbcae7237d9c987697b69b65f40d319c64a162afe2"
"md","step-01-understand","bmm","bmm/workflows/bmad-quick-flow/quick-spec/steps/step-01-understand.md","2138ac9c4ec86585f675fb64839db91cf3f8bb58592a5e433af6482b74889c36"
"md","step-01-validate-prerequisites","bmm","bmm/workflows/3-solutioning/create-epics-and-stories/steps/step-01-validate-prerequisites.md","5ba8ba972e8376339ed2c9b75e4f98125521af0270bb5dff6e47ec73137e01de"
"md","step-01b-continue","bmm","bmm/workflows/1-analysis/create-product-brief/steps/step-01b-continue.md","08bd92dc8486983ac8b5b19efd943d2fd83f2a6f6ba247aad9bb075e12b20860"
"md","step-01b-continue","bmm","bmm/workflows/2-plan-workflows/create-prd/steps-c/step-01b-continue.md","4e8af43d1847236333566efaa4b0b5e63d706e673872705ee6f215a7ccb9d715"
"md","step-01b-continue","bmm","bmm/workflows/2-plan-workflows/create-ux-design/steps/step-01b-continue.md","fde4bf8fa3a6d3230d20cb23e71cbc8e2db1cd2b30b693e13d0b3184bc6bb9a6"
"md","step-01b-continue","bmm","bmm/workflows/3-solutioning/create-architecture/steps/step-01b-continue.md","c6cc389b49682a8835382d477d803a75acbad01b24da1b7074ce140d82b278dc"
"md","step-02-context","bmm","bmm/workflows/3-solutioning/create-architecture/steps/step-02-context.md","07387b1d8c2f92c646bdbad88ad1401d0295c3adecc1637f07630173d8939088"
"md","step-02-context-gathering","bmm","bmm/workflows/bmad-quick-flow/quick-dev/steps/step-02-context-gathering.md","0cef3142e4e4937b914486158eaa0cd930815155aedceb5ddd3399c8bfbce35b"
"md","step-02-customer-behavior","bmm","bmm/workflows/1-analysis/research/market-steps/step-02-customer-behavior.md","ca77a54143c2df684cf859e10cea48c6ea1ce8e297068a0f0f26ee63d3170c1e"
"md","step-02-customer-insights","bmm","bmm/workflows/1-analysis/research/market-steps/step-02-customer-insights.md","de7391755e7c8386096ed2383c24917dd6cab234843b34004e230d6d3d0e3796"
"md","step-02-design-epics","bmm","bmm/workflows/3-solutioning/create-epics-and-stories/steps/step-02-design-epics.md","2c18d76a9b73eae8b9f552cd4252f8208a0c017624ddbaf6bcbe7b28ddfa217e"
"md","step-02-discovery","bmm","bmm/workflows/2-plan-workflows/create-prd/steps-c/step-02-discovery.md","d13de9d4a4af17f04ae1af7966b3071af54a6445c0944ee83af129ef078ebe5d"
"md","step-02-discovery","bmm","bmm/workflows/2-plan-workflows/create-ux-design/steps/step-02-discovery.md","6d340f83d62f873a4c09371a38c77dc9ce9726cd6cd1cf9bf89ddec09f36af4c"
"md","step-02-domain-analysis","bmm","bmm/workflows/1-analysis/research/domain-steps/step-02-domain-analysis.md","385a288d9bbb0adf050bcce4da4dad198a9151822f9766900404636f2b0c7f9d"
"md","step-02-investigate","bmm","bmm/workflows/bmad-quick-flow/quick-spec/steps/step-02-investigate.md","3915bf07f1f365a3bffdcaca2403e01d1434106b6ccd8c207e6f232f4db952d3"
"md","step-02-prd-analysis","bmm","bmm/workflows/3-solutioning/check-implementation-readiness/steps/step-02-prd-analysis.md","f8892391bbfaa5fb0166af02210c6ea1b62021837f853a9f1da6f30b942b1620"
"md","step-02-technical-overview","bmm","bmm/workflows/1-analysis/research/technical-steps/step-02-technical-overview.md","9c7582241038b16280cddce86f2943216541275daf0a935dcab78f362904b305"
"md","step-02-vision","bmm","bmm/workflows/1-analysis/create-product-brief/steps/step-02-vision.md","a6262132ec081165358941df207d02e29e5ab00b4f516adf2772effa46d21dd5"
"md","step-03-competitive-landscape","bmm","bmm/workflows/1-analysis/research/domain-steps/step-03-competitive-landscape.md","f10aa088ba00c59491507f6519fb314139f8be6807958bb5fd1b66bff2267749"
"md","step-03-core-experience","bmm","bmm/workflows/2-plan-workflows/create-ux-design/steps/step-03-core-experience.md","b23ce8244db8a183761a9420fa54ff285bbf7c54b2d30c62c32d3cf8cb4c2f00"
"md","step-03-create-stories","bmm","bmm/workflows/3-solutioning/create-epics-and-stories/steps/step-03-create-stories.md","e6deb22291f05a96e56f5cb3ab88eca3bb6df564208edd8fcc693d4c27139f29"
"md","step-03-customer-pain-points","bmm","bmm/workflows/1-analysis/research/market-steps/step-03-customer-pain-points.md","ce7394a73a7d3dd627280a8bef0ed04c11e4036275acc4b50c666fd1d84172c4"
"md","step-03-epic-coverage-validation","bmm","bmm/workflows/3-solutioning/check-implementation-readiness/steps/step-03-epic-coverage-validation.md","2249eec5c324153e2f095b63b7d8e2418f5d567f914272e6c66d5aff393702aa"
"md","step-03-execute","bmm","bmm/workflows/bmad-quick-flow/quick-dev/steps/step-03-execute.md","0aaa3455234005d39e8f8150a44967c88c4908201264b83c589840963f4650c1"
"md","step-03-generate","bmm","bmm/workflows/bmad-quick-flow/quick-spec/steps/step-03-generate.md","b75fe471bad08f482a65b01f18fa35ef1c22b3151e7074ddae0e83cbf3484cab"
"md","step-03-integration-patterns","bmm","bmm/workflows/1-analysis/research/technical-steps/step-03-integration-patterns.md","005d517a2f962e2172e26b23d10d5e6684c7736c0d3982e27b2e72d905814ad9"
"md","step-03-starter","bmm","bmm/workflows/3-solutioning/create-architecture/steps/step-03-starter.md","535124eb8228ffa628fee5b2e89b9a66d4c2c5d29485c11ccc0d1062b6d674e2"
"md","step-03-success","bmm","bmm/workflows/2-plan-workflows/create-prd/steps-c/step-03-success.md","7b7b339c36ab34953dc542f48a3ed38da420078ee62bbf840a4cb939a3121567"
"md","step-03-users","bmm","bmm/workflows/1-analysis/create-product-brief/steps/step-03-users.md","7d3884a502341bd5912eac8b24af5bb961385f353b4a37cee916f0a2b2226b97"
"md","step-04-architectural-patterns","bmm","bmm/workflows/1-analysis/research/technical-steps/step-04-architectural-patterns.md","5ab115b67221be4182f88204b17578697136d8c11b7af21d91012d33ff84aafb"
"md","step-04-customer-decisions","bmm","bmm/workflows/1-analysis/research/market-steps/step-04-customer-decisions.md","17dde68d655f7c66b47ed59088c841d28d206ee02137388534b141d9a8465cf9"
"md","step-04-decisions","bmm","bmm/workflows/3-solutioning/create-architecture/steps/step-04-decisions.md","41829279a6ffec9b87870fc0a87e8738b529f07f47ec65dabd983e39d582f8b8"
"md","step-04-emotional-response","bmm","bmm/workflows/2-plan-workflows/create-ux-design/steps/step-04-emotional-response.md","45ff4c3e907f32c91d78f101a78b075f5731642628474c36b7e06c13fd9519e6"
"md","step-04-final-validation","bmm","bmm/workflows/3-solutioning/create-epics-and-stories/steps/step-04-final-validation.md","b8ede22e5b49e7b76cff4af81e0e19b5067718ff8097b566916465c5c3c364a2"
"md","step-04-journeys","bmm","bmm/workflows/2-plan-workflows/create-prd/steps-c/step-04-journeys.md","ff297509882def062ab58de4ae922472dd05b562338689c8ac25a24bedad7dca"
"md","step-04-metrics","bmm","bmm/workflows/1-analysis/create-product-brief/steps/step-04-metrics.md","887af175137069fe498f1fd26db2995d1ad00d658cf15598846ae30d03ce0ce5"
"md","step-04-regulatory-focus","bmm","bmm/workflows/1-analysis/research/domain-steps/step-04-regulatory-focus.md","d22035529efe91993e698b4ebf297bf2e7593eb41d185a661c357a8afc08977b"
"md","step-04-review","bmm","bmm/workflows/bmad-quick-flow/quick-spec/steps/step-04-review.md","5b00b9fb74f7c6c537759757aa1bcd548c957dbe7eccec7498c67609c4ea6026"
"md","step-04-self-check","bmm","bmm/workflows/bmad-quick-flow/quick-dev/steps/step-04-self-check.md","8394655526fd40a140044795cbf4af243cda939c225a8e12ccc94c5a73c87e43"
"md","step-04-ux-alignment","bmm","bmm/workflows/3-solutioning/check-implementation-readiness/steps/step-04-ux-alignment.md","2193be07720901b61ebc7ec80590f2ff07fcb9d4a0473741caaf9a581bf40ba7"
"md","step-05-adversarial-review","bmm","bmm/workflows/bmad-quick-flow/quick-dev/steps/step-05-adversarial-review.md","8df83437c1556acb342a71e8ba12d4075043daa530a8d532de01ab158175572a"
"md","step-05-competitive-analysis","bmm","bmm/workflows/1-analysis/research/market-steps/step-05-competitive-analysis.md","ff6f606a80ffaf09aa325e38a4ceb321b97019e6542241b2ed4e8eb38b35efa8"
"md","step-05-domain","bmm","bmm/workflows/2-plan-workflows/create-prd/steps-c/step-05-domain.md","af444794fffb622cd2d18604ed189cd2efe86c34626d16b5ac1c43b6c14ed551"
"md","step-05-epic-quality-review","bmm","bmm/workflows/3-solutioning/check-implementation-readiness/steps/step-05-epic-quality-review.md","8174d9579ce7300782ec55e4b35ca90131d5baaae02113b3fab0975094e2b645"
"md","step-05-implementation-research","bmm","bmm/workflows/1-analysis/research/technical-steps/step-05-implementation-research.md","55ae5ab81295c6d6e3694c1b89472abcd5cd562cf55a2b5fffdd167e15bee82b"
"md","step-05-inspiration","bmm","bmm/workflows/2-plan-workflows/create-ux-design/steps/step-05-inspiration.md","74ea94822de791eb24f2e2ca39c3acf01a98b2184f23b1c980e2ada6fd11ae5e"
"md","step-05-patterns","bmm","bmm/workflows/3-solutioning/create-architecture/steps/step-05-patterns.md","b6bbca68efc7ff66d2f0fc39d8219898c63fd9c0923cb020ad8ac0d469e6fcff"
"md","step-05-scope","bmm","bmm/workflows/1-analysis/create-product-brief/steps/step-05-scope.md","bd7f8878dd8058e1932151d8cbc468bfc2c6dadb0258d93ed967189d0629dff4"
"md","step-05-technical-trends","bmm","bmm/workflows/1-analysis/research/domain-steps/step-05-technical-trends.md","fd6c577010171679f630805eb76e09daf823c2b9770eb716986d01f351ce1fb4"
"md","step-06-complete","bmm","bmm/workflows/1-analysis/create-product-brief/steps/step-06-complete.md","e78068b25bdf9f031e8548ee8763cfdc0e3216f4d715574fd22fdf0dd1c8a322"
"md","step-06-design-system","bmm","bmm/workflows/2-plan-workflows/create-ux-design/steps/step-06-design-system.md","6e3ead73073ef51ac952f4cf9491635e5d6825525a4af5d5cbf6e2675db69404"
"md","step-06-final-assessment","bmm","bmm/workflows/3-solutioning/check-implementation-readiness/steps/step-06-final-assessment.md","a71a1ccc6e19689c3a4c00cfc6901e4290ef17492bac61d3f08022756dd43592"
"md","step-06-innovation","bmm","bmm/workflows/2-plan-workflows/create-prd/steps-c/step-06-innovation.md","efdd55674bd8329a5d963396c841523d73ffebd168add77bc01425e478e22bc4"
"md","step-06-research-completion","bmm","bmm/workflows/1-analysis/research/market-steps/step-06-research-completion.md","30d5e14f39df193ebce952dfed2bd4009d68fe844e28ad3a29f5667382ebc6d2"
"md","step-06-research-synthesis","bmm","bmm/workflows/1-analysis/research/domain-steps/step-06-research-synthesis.md","4c7727b8d3c6272c1b2b84ea58a67fc86cafab3472c0caf54e8b8cee3fa411fc"
"md","step-06-research-synthesis","bmm","bmm/workflows/1-analysis/research/technical-steps/step-06-research-synthesis.md","5df66bbeecd345e829f06c4eb5bdecd572ca46aec8927bda8b97dbd5f5a34d6c"
"md","step-06-resolve-findings","bmm","bmm/workflows/bmad-quick-flow/quick-dev/steps/step-06-resolve-findings.md","a68a8c85b56dcfc385c19a94e26f0618965d623ac383033e8a4d2f4e3aeef77e"
"md","step-06-structure","bmm","bmm/workflows/3-solutioning/create-architecture/steps/step-06-structure.md","716819821cf7e2a6ce5852785e86e2c77c9f8d1d24e08b86889854365a78e552"
"md","step-07-defining-experience","bmm","bmm/workflows/2-plan-workflows/create-ux-design/steps/step-07-defining-experience.md","89964c435273a08b3065732a23bc0c3bc1290ac2ecd9339d9ff2eb6ecb890b06"
"md","step-07-project-type","bmm","bmm/workflows/2-plan-workflows/create-prd/steps-c/step-07-project-type.md","325e9853015fb844fc80c0b7c00526d0107dcae9a1bfe3b57d956940fc9e29ba"
"md","step-07-validation","bmm","bmm/workflows/3-solutioning/create-architecture/steps/step-07-validation.md","1305a67b660fcd61346de2bb8087547c8414f60381ba896762d71f6fa9cebeaf"
"md","step-08-complete","bmm","bmm/workflows/3-solutioning/create-architecture/steps/step-08-complete.md","d310cab756a88caf4e31a4cfc0e8b49c32cd19a9249b6aeb1eb292748c9f5462"
"md","step-08-scoping","bmm","bmm/workflows/2-plan-workflows/create-prd/steps-c/step-08-scoping.md","8e043d237fb7d3af77b5375629dd4e47054832c98279024d66e090d48d766075"
"md","step-08-visual-foundation","bmm","bmm/workflows/2-plan-workflows/create-ux-design/steps/step-08-visual-foundation.md","8aee1183b3c0e5f379e2c20512665e06ef1189d357ac9a845e3616be35a79c47"
"md","step-09-design-directions","bmm","bmm/workflows/2-plan-workflows/create-ux-design/steps/step-09-design-directions.md","6ab5f1302ec43aed52f45a2842ae49dc4bd98b2d12109d5657c9f04e4b434f89"
"md","step-09-functional","bmm","bmm/workflows/2-plan-workflows/create-prd/steps-c/step-09-functional.md","13ced8348b8bb0b7cd88f0400b538fabbcb1fb3c23525bf4fffb7ca9f4c37c8c"
"md","step-10-nonfunctional","bmm","bmm/workflows/2-plan-workflows/create-prd/steps-c/step-10-nonfunctional.md","e37395a792ac3b81c635993c27748ebd6d781c755ed49e580cd7c78e5486a012"
"md","step-10-user-journeys","bmm","bmm/workflows/2-plan-workflows/create-ux-design/steps/step-10-user-journeys.md","30866f55e179d0985efcf57120e63dfbb1fa3ddb6fa9623c4ee0e0b9738f0467"
"md","step-11-component-strategy","bmm","bmm/workflows/2-plan-workflows/create-ux-design/steps/step-11-component-strategy.md","ed805fafa72fb703b1e89b3c59c0c2dbe99c3021e009858602a92cfb473727a6"
"md","step-11-polish","bmm","bmm/workflows/2-plan-workflows/create-prd/steps-c/step-11-polish.md","727f434601c891c2f85bfa31eead89f5363e4a36418b35299dbeee0bf4cff24c"
"md","step-12-complete","bmm","bmm/workflows/2-plan-workflows/create-prd/steps-c/step-12-complete.md","04e3bd5bd837f7d1f7df7a04644e9e4ff6f06f81d9e7fa2a1c550a13fb86cf33"
"md","step-12-ux-patterns","bmm","bmm/workflows/2-plan-workflows/create-ux-design/steps/step-12-ux-patterns.md","d9bfabc5322aca6e2ba512fa6b39bcdac885b8010dd8c4768c10e33524a04b08"
"md","step-13-responsive-accessibility","bmm","bmm/workflows/2-plan-workflows/create-ux-design/steps/step-13-responsive-accessibility.md","f9f2ae70026eb5524a372332632240cea765360ed90a47fea316a65cc3e0e7ce"
"md","step-14-complete","bmm","bmm/workflows/2-plan-workflows/create-ux-design/steps/step-14-complete.md","b0fb194349134a48704c5a9411cdc132bab50a2b6d61c5a70f527367b9c7849a"
"md","step-e-01-discovery","bmm","bmm/workflows/2-plan-workflows/create-prd/steps-e/step-e-01-discovery.md","2bc88c9480ac5986c06672533ab2080b1ee01086033c8e441a8c80551c8a99ee"
"md","step-e-01b-legacy-conversion","bmm","bmm/workflows/2-plan-workflows/create-prd/steps-e/step-e-01b-legacy-conversion.md","e6bbe9020e6986a620fc0299a48e6c31c9d1ec14691df11be71baeb79837bc92"
"md","step-e-02-review","bmm","bmm/workflows/2-plan-workflows/create-prd/steps-e/step-e-02-review.md","b2660d88a445dc3f8f168f96ca92d4a1a36949e3b39fbf6cda5c77129636d9b1"
"md","step-e-03-edit","bmm","bmm/workflows/2-plan-workflows/create-prd/steps-e/step-e-03-edit.md","dfcc3e4f0b1ec050d4985af04dc02b28174a995e95327ca01ae4b8cac10cc1e5"
"md","step-e-04-complete","bmm","bmm/workflows/2-plan-workflows/create-prd/steps-e/step-e-04-complete.md","b0cb2dd2e9ccab128d4f8dbe34bf1b8f77718b01d8c9bfeba878e17bb31e8d4e"
"md","step-v-01-discovery","bmm","bmm/workflows/2-plan-workflows/create-prd/steps-v/step-v-01-discovery.md","287c39e44b32faab52fb155a4a30ab3f31cf6ef5c599b8b15687e5bb3c97a447"
"md","step-v-02-format-detection","bmm","bmm/workflows/2-plan-workflows/create-prd/steps-v/step-v-02-format-detection.md","251ea5a1cf7779db2dc39d5d8317976a27f84b421359c1974ae96c0943094341"
"md","step-v-02b-parity-check","bmm","bmm/workflows/2-plan-workflows/create-prd/steps-v/step-v-02b-parity-check.md","3481beae212bb0140c105d0ae87bb9714859c93a471048048512fd1278da2fcd"
"md","step-v-03-density-validation","bmm","bmm/workflows/2-plan-workflows/create-prd/steps-v/step-v-03-density-validation.md","5b95ecd032fb65f86b7eee7ce7c30c997dc2a8b5e4846d88c2853538591a9e40"
"md","step-v-04-brief-coverage-validation","bmm","bmm/workflows/2-plan-workflows/create-prd/steps-v/step-v-04-brief-coverage-validation.md","97eb248c7d67e6e5121dd0b020409583998fba433799ea4c5c8cb40c7ff9c7c1"
"md","step-v-05-measurability-validation","bmm","bmm/workflows/2-plan-workflows/create-prd/steps-v/step-v-05-measurability-validation.md","2f331ee6d4f174dec0e4b434bf7691bfcf3a13c6ee0c47a65989badaa6b6a28c"
"md","step-v-06-traceability-validation","bmm","bmm/workflows/2-plan-workflows/create-prd/steps-v/step-v-06-traceability-validation.md","970ea67486211a611a701e1490ab7e8f2f98060a9f78760b6ebfdb9f37743c74"
"md","step-v-07-implementation-leakage-validation","bmm","bmm/workflows/2-plan-workflows/create-prd/steps-v/step-v-07-implementation-leakage-validation.md","f75d1d808fdf3d61b15bea55418b82df747f45902b6b22fe541e83b4ea3fa465"
"md","step-v-08-domain-compliance-validation","bmm","bmm/workflows/2-plan-workflows/create-prd/steps-v/step-v-08-domain-compliance-validation.md","a1902baaf4eaaf946e5c2c2101a1ac46f8ee4397e599218b8dc030cd00c97512"
"md","step-v-09-project-type-validation","bmm","bmm/workflows/2-plan-workflows/create-prd/steps-v/step-v-09-project-type-validation.md","d53e95264625335184284d3f9d0fc6e7674f67bdf97e19362fc33df4bea7f096"
"md","step-v-10-smart-validation","bmm","bmm/workflows/2-plan-workflows/create-prd/steps-v/step-v-10-smart-validation.md","22d48a72bc599f45bbf8c3e81d651d3a1265a6450866c0689bf287f43d7874a4"
"md","step-v-11-holistic-quality-validation","bmm","bmm/workflows/2-plan-workflows/create-prd/steps-v/step-v-11-holistic-quality-validation.md","1022a1454aadff28e39fd5fa71dd76d8eefccfe438b9ef517a19b44d935c0f5b"
"md","step-v-12-completeness-validation","bmm","bmm/workflows/2-plan-workflows/create-prd/steps-v/step-v-12-completeness-validation.md","c966933a0ca3753db75591325cef4d4bdaf9639a1a63f9438758d32f7e1a1dda"
"md","step-v-13-report-complete","bmm","bmm/workflows/2-plan-workflows/create-prd/steps-v/step-v-13-report-complete.md","d2c29d3229e12ab33fd6e74c5e55d2726a98e3785f11bcd8431ce8d00033f7d4"
"md","tech-spec-template","bmm","bmm/workflows/bmad-quick-flow/quick-spec/tech-spec-template.md","6e0ac4991508fec75d33bbe36197e1576d7b2a1ea7ceba656d616e7d7dadcf03"
"md","template","bmm","bmm/workflows/4-implementation/create-story/template.md","29ba697368d77e88e88d0e7ac78caf7a78785a7dcfc291082aa96a62948afb67"
"md","ux-design-template","bmm","bmm/workflows/2-plan-workflows/create-ux-design/ux-design-template.md","ffa4b89376cd9db6faab682710b7ce755990b1197a8b3e16b17748656d1fca6a"
"md","validation-report-prd-workflow","bmm","bmm/workflows/2-plan-workflows/create-prd/validation-report-prd-workflow.md","fc6dcd6fed64152473ae51966a222164e054cb9e4a6af0075bbf62e46cd7bbb5"
"md","workflow","bmm","bmm/workflows/1-analysis/create-product-brief/workflow.md","237de4850fa0b685e4362ff879b3d7041a90d22ba7ac0e5ba65939606a5195b0"
"md","workflow","bmm","bmm/workflows/1-analysis/research/workflow.md","0c7043392fbe53f1669e73f1f74b851ae78e60fefbe54ed7dfbb12409a22fe10"
"md","workflow","bmm","bmm/workflows/2-plan-workflows/create-prd/workflow.md","47aa7aa27a6348d49ac28e65bc493ed8d627084ac6e89d1eb22c1c92dad73466"
"md","workflow","bmm","bmm/workflows/2-plan-workflows/create-ux-design/workflow.md","5bbc43696d2ebb8c10b9b8788f087eee1884149912622c7985ef497e907b245e"
"md","workflow","bmm","bmm/workflows/3-solutioning/check-implementation-readiness/workflow.md","b09fe2f0b5ee5b09d768aa65e41423855185b8f2eec82764aaa499e4b943ec98"
"md","workflow","bmm","bmm/workflows/3-solutioning/create-architecture/workflow.md","a7e3b50dbcc59b353ad98d1abd8ca83cb3767153837341985033170d10a729da"
"md","workflow","bmm","bmm/workflows/3-solutioning/create-epics-and-stories/workflow.md","cf0b30d395487e9a4fb29ac36e2a998ad1e6b440d60a70d338019b0fd7b5a600"
"md","workflow","bmm","bmm/workflows/bmad-quick-flow/quick-dev/workflow.md","7e13f74e23f9de40ed15140b5cadb28a7462ad019dc345422b3aede59ad8e7f7"
"md","workflow","bmm","bmm/workflows/bmad-quick-flow/quick-spec/workflow.md","51a2a4f106b5f5d0f5bd72c3299fd35513b5fe4f2fe135c4696a756eb0b7b656"
"xml","instructions","bmm","bmm/workflows/4-implementation/code-review/instructions.xml","1a6f0ae7d69a5c27b09de3efab2b205a007b466976acdeeaebf7f3abec7feb68"
"xml","instructions","bmm","bmm/workflows/4-implementation/create-story/instructions.xml","38eae4b503711a162f55ccd41b770248581a4357cbbfe1cf1bb34520307ccd63"
"xml","instructions","bmm","bmm/workflows/4-implementation/dev-story/instructions.xml","396eba2694f455e9aa8f0e123b4147799e07205cfb666a411e8a5d0d4b6b5daa"
"yaml","config","bmm","bmm/config.yaml","7fc08da4f0e133d8a055a367ca4c9bd04306cea5bf8d14053f94d08cb8d837da"
"yaml","deep-dive","bmm","bmm/workflows/document-project/workflows/deep-dive.yaml","a16b5d121604ca00fffdcb04416daf518ec2671a3251b7876c4b590d25d96945"
"yaml","excalidraw-templates","bmm","bmm/workflows/excalidraw-diagrams/_shared/excalidraw-templates.yaml","ca6e4ae85b5ab16df184ce1ddfdf83b20f9540db112ebf195cb793017f014a70"
"yaml","full-scan","bmm","bmm/workflows/document-project/workflows/full-scan.yaml","8ba79b190733006499515d9d805f4eacd90a420ffc454e04976948c114806c25"
"yaml","sprint-status-template","bmm","bmm/workflows/4-implementation/sprint-planning/sprint-status-template.yaml","0d7fe922f21d4f00e538c265ff90e470c3e2eca761e663d84b7a1320b2f25980"
"yaml","team-fullstack","bmm","bmm/teams/team-fullstack.yaml","da8346b10dfad8e1164a11abeb3b0a84a1d8b5f04e01e8490a44ffca477a1b96"
"yaml","workflow","bmm","bmm/workflows/4-implementation/code-review/workflow.yaml","8879bd2ea2da2c444eac9f4f8bf4f2d58588cdbc92aee189c04d4d926ea7b43d"
"yaml","workflow","bmm","bmm/workflows/4-implementation/correct-course/workflow.yaml","c7b771ee3043c2622499e197147e33c77bca478a31091fae619e04cf628fef5e"
"yaml","workflow","bmm","bmm/workflows/4-implementation/create-story/workflow.yaml","45dabb40eeacc64c550cee65886841ebdb27c6519a561f6321dc61d9a3775dd1"
"yaml","workflow","bmm","bmm/workflows/4-implementation/dev-story/workflow.yaml","270cb47b01e5a49d497c67f2c2605b808a943daf2b34ee60bc726ff78ac217b3"
"yaml","workflow","bmm","bmm/workflows/4-implementation/retrospective/workflow.yaml","03433aa3f0d5b4b388d31b9bee1ac5cb5ca78e15bb4d44746766784a3ba863d2"
"yaml","workflow","bmm","bmm/workflows/4-implementation/sprint-planning/workflow.yaml","0d280ccde9e9932e4e683d23d6d3522b19289b17ee2466c58f16299fad5a3aea"
"yaml","workflow","bmm","bmm/workflows/4-implementation/sprint-status/workflow.yaml","d04516040d08f01f71fe31658d139ac3dad30b7ad748e959e4a9fb0a8e755858"
"yaml","workflow","bmm","bmm/workflows/document-project/workflow.yaml","82e731ea08217480958a75304558e767654d8a8262c0ec1ed91e81afd3135ed5"
"yaml","workflow","bmm","bmm/workflows/excalidraw-diagrams/create-dataflow/workflow.yaml","a845be912077a9c80fb3f3e2950c33b99139a2ae22db9c006499008ec2fa3851"
"yaml","workflow","bmm","bmm/workflows/excalidraw-diagrams/create-diagram/workflow.yaml","bac0e13f796b4a4bb2a3909ddef230f0cd1712a0163b6fe72a2966eed8fc87a9"
"yaml","workflow","bmm","bmm/workflows/excalidraw-diagrams/create-flowchart/workflow.yaml","a8f6e3680d2ec51c131e5cd57c9705e5572fe3e08c536174da7175e07cce0c5d"
"yaml","workflow","bmm","bmm/workflows/excalidraw-diagrams/create-wireframe/workflow.yaml","88ce19aff63a411583756cd0254af2000b6aac13071204dc9aef61aa137a51ef"
"yaml","workflow","bmm","bmm/workflows/qa/automate/workflow.yaml","670d28da3e20a445ae08ab3e907eaf3eaf13d9a08c4b26244344a0fd8f54a399"
"csv","brain-methods","core","core/workflows/brainstorming/brain-methods.csv","0ab5878b1dbc9e3fa98cb72abfc3920a586b9e2b42609211bb0516eefd542039"
"csv","methods","core","core/workflows/advanced-elicitation/methods.csv","e08b2e22fec700274982e37be608d6c3d1d4d0c04fa0bae05aa9dba2454e6141"
"csv","module-help","core","core/module-help.csv","2e2971e70f5d0a27af6628bf1864058c532dc297999250ef05f5b71abb917ad9"
"md","excalidraw-helpers","core","core/resources/excalidraw/excalidraw-helpers.md","37f18fa0bd15f85a33e7526a2cbfe1d5a9404f8bcb8febc79b782361ef790de4"
"md","help","core","core/tasks/help.md","66cca226bb89bc57378d2099b910301df00972ce185ecc0d9ffc1369316d8df0"
"md","library-loader","core","core/resources/excalidraw/library-loader.md","7837112bd0acb5906870dff423a21564879d49c5322b004465666a42c52477ab"
"md","README","core","core/resources/excalidraw/README.md","72de8325d7289128f1c8afb3b0eea867ba90f4c029ca42e66a133cd9f92c285d"
"md","step-01-agent-loading","core","core/workflows/party-mode/steps/step-01-agent-loading.md","04ab6b6247564f7edcd5c503f5ca7d27ae688b09bbe2e24345550963a016e9f9"
"md","step-01-session-setup","core","core/workflows/brainstorming/steps/step-01-session-setup.md","bc09cc22a0465b316ff3c13903b753768fa31d83abd3f9fc328631db63dc0cf8"
"md","step-01b-continue","core","core/workflows/brainstorming/steps/step-01b-continue.md","d76a406e0ff0a0e58006ec671b56f19a059e98cfebba4c0724ae6ccdd9303e7f"
"md","step-02-discussion-orchestration","core","core/workflows/party-mode/steps/step-02-discussion-orchestration.md","a8a79890bd03237e20f1293045ecf06f9a62bc590f5c2d4f88e250cee40abb0b"
"md","step-02a-user-selected","core","core/workflows/brainstorming/steps/step-02a-user-selected.md","558b162466745b92687a5d6e218f243a98436dd177b2d5544846c5ff4497cc94"
"md","step-02b-ai-recommended","core","core/workflows/brainstorming/steps/step-02b-ai-recommended.md","99aa935279889f278dcb2a61ba191600a18e9db356dd8ce62f0048d3c37c9531"
"md","step-02c-random-selection","core","core/workflows/brainstorming/steps/step-02c-random-selection.md","f188c260c321c7f026051fefcd267a26ee18ce2a07f64bab7f453c0c3e483316"
"md","step-02d-progressive-flow","core","core/workflows/brainstorming/steps/step-02d-progressive-flow.md","a28c7a3edf34ceb0eea203bf7dc80f39ca04974f6d1ec243f0a088281b2e55de"
"md","step-03-graceful-exit","core","core/workflows/party-mode/steps/step-03-graceful-exit.md","f2ecd702902a5e7baeea66be43a58917591f8e37a862b4e7449b536309a4de67"
"md","step-03-technique-execution","core","core/workflows/brainstorming/steps/step-03-technique-execution.md","9e6abceec5f774c57cd5205e30a1f24a95441131dbffcae9c3dce72111f95ceb"
"md","step-04-idea-organization","core","core/workflows/brainstorming/steps/step-04-idea-organization.md","5224490c33bf4b23b2897f3bcf12abe0b1ced306541dd60c21df0ce9fc65d1ac"
"md","template","core","core/workflows/brainstorming/template.md","5c99d76963eb5fc21db96c5a68f39711dca7c6ed30e4f7d22aedee9e8bb964f9"
"md","validate-json-instructions","core","core/resources/excalidraw/validate-json-instructions.md","0970bac93d52b4ee591a11998a02d5682e914649a40725d623489c77f7a1e449"
"md","workflow","core","core/workflows/brainstorming/workflow.md","7d7f957ccd176faed2551e3089abfa49032963e980b5643d9384690af3d61203"
"md","workflow","core","core/workflows/party-mode/workflow.md","f8537e152df8db331d86e2a37e5ced55bccff3a71e290f82eb754d28c0c9ec08"
"xml","editorial-review-prose","core","core/tasks/editorial-review-prose.xml","ca56974053b5488f405d81a9ab9950d354005edf359f1c7a99db723d6bba6b79"
"xml","editorial-review-structure","core","core/tasks/editorial-review-structure.xml","ed013de6c1bf03bcd1d0a45931fda7056251b9f2e336ad48e1320f20801f667c"
"xml","index-docs","core","core/tasks/index-docs.xml","13ffd40ccaed0f05b35e4f22255f023e77a6926e8a2f01d071b0b91a4c942812"
"xml","review-adversarial-general","core","core/tasks/review-adversarial-general.xml","2293a91809f515633072e31488c60e1ce9a12b9112b6a0bbc116ae4507b4d495"
"xml","shard-doc","core","core/tasks/shard-doc.xml","dd4c834b62f9d7fbe4970d10a9c075fe9408195b0ee4c32bbdb699227d45a808"
"xml","workflow","core","core/tasks/workflow.xml","0106ee40a9a6771d82d7a634d0051760de27c79518d69259dc456902dd0ce9ee"
"xml","workflow","core","core/workflows/advanced-elicitation/workflow.xml","063e6aab417f9cc67ae391b1d89ba972fc890c123f8101b7180496d413a63d81"
"yaml","config","core","core/config.yaml","e33bd59447d5d1b8000df7d32166c0bffd877b59e00590e773365f446219d43e"
"csv","default-party","gds","gds/teams/default-party.csv","57da31f7bfb23375be8cd99a72a860590a7ced97acff975bf5ae9b034f63bb54"
"csv","documentation-requirements","gds","gds/workflows/document-project/documentation-requirements.csv","d1253b99e88250f2130516b56027ed706e643bfec3d99316727a4c6ec65c6c1d"
"csv","game-brain-methods","gds","gds/workflows/1-preproduction/brainstorm-game/game-brain-methods.csv","9dd6c853bcd04038223abf0263c465381dace3c9b13c9eb637f22ce9dc93210e"
"csv","game-types","gds","gds/workflows/2-design/gdd/game-types.csv","a44c04d09432c886a7a5a8112474bd32540d8e84de25b308dca0f96e570651fd"
"csv","module-help","gds","gds/module-help.csv","d539943a5b849c11b278533d958368ba95947abd9f4baa9284eef38f30ece3b7"
"csv","pattern-categories","gds","gds/workflows/3-technical/game-architecture/pattern-categories.csv","d9a275931bfed32a65106ce374f2bf8e48ecc9327102a08f53b25818a8c78c04"
"csv","qa-index","gds","gds/gametest/qa-index.csv","daa577ca80b3b51c08a8ed5521e4a25553d7d32a3342dbde40ccaee4a20351eb"
"json","project-scan-report-schema","gds","gds/workflows/document-project/templates/project-scan-report-schema.json","53255f15a10cab801a1d75b4318cdb0095eed08c51b3323b7e6c236ae6b399b7"
"md","action-platformer","gds","gds/workflows/2-design/gdd/game-types/action-platformer.md","f1cbe9e9a52acd01ff120d05ce22fa81b30500933f62a3c6c36642280244057c"
"md","adventure","gds","gds/workflows/2-design/gdd/game-types/adventure.md","06aa57786c2e7ebc7580d501fcdefaabb28933c7b5785d6643bf643f58ae13e7"
"md","architecture-template","gds","gds/workflows/3-technical/game-architecture/templates/architecture-template.md","91655e166f5a2f3f56ae09997107eab15772c1e4d9186397bce0339eca7be32f"
"md","backlog-template","gds","gds/workflows/4-production/code-review/backlog-template.md","84b1381c05012999ff9a8b036b11c8aa2f926db4d840d256b56d2fa5c11f4ef7"
"md","balance-testing","gds","gds/gametest/knowledge/balance-testing.md","01843831d603883219828afbe19784864464277f3bcddb2c104ff05bedbb8053"
"md","card-game","gds","gds/workflows/2-design/gdd/game-types/card-game.md","6b9298ace2607c8e93d64533e6406828053234282e4977e4407faa2e9302fd0a"
"md","certification-testing","gds","gds/gametest/knowledge/certification-testing.md","9e7f57aac247f9c4d384b498f749e2e2376b8706066fb60d3e7b9c27d3ffccab"
"md","checklist","gds","gds/workflows/1-preproduction/game-brief/checklist.md","3516d66cffceb3e5ab23e1ddc9aaed8c0335eb0755e7437488cdebff96162395"
"md","checklist","gds","gds/workflows/2-design/gdd/checklist.md","d733c5d0118d692710fb7af3018239f4fc01c47fe122437db6d8477d697b3fb3"
"md","checklist","gds","gds/workflows/2-design/narrative/checklist.md","9bcfa41212cd74869199dba1a7d9cd5691e2bbc49e6b74b11e51c32955477524"
"md","checklist","gds","gds/workflows/3-technical/game-architecture/checklist.md","289baf9035dd22a4159a78b20afe93bb549d6177f95d261054ded79b4667052e"
"md","checklist","gds","gds/workflows/4-production/code-review/checklist.md","e30d2890ba5c50777bbe04071f754e975a1d7ec168501f321a79169c4201dd28"
"md","checklist","gds","gds/workflows/4-production/correct-course/checklist.md","c948f0f75007ad0761720642180ac741c6737529a191a62ad678555047b1c518"
"md","checklist","gds","gds/workflows/4-production/create-story/checklist.md","5154aa874c6a79285eba644493e87411c6021baff72859490db6e693d15e0bb9"
"md","checklist","gds","gds/workflows/4-production/dev-story/checklist.md","630b68c6824a8785003a65553c1f335222b17be93b1bd80524c23b38bde1d8af"
"md","checklist","gds","gds/workflows/4-production/sprint-planning/checklist.md","80b10aedcf88ab1641b8e5f99c9a400c8fd9014f13ca65befc5c83992e367dd7"
"md","checklist","gds","gds/workflows/document-project/checklist.md","581b0b034c25de17ac3678db2dbafedaeb113de37ddf15a4df6584cf2324a7d7"
"md","checklist","gds","gds/workflows/gametest/automate/checklist.md","b2eefabfba15ccf30a49d46eb0e2b3f9e88304e1c1bbe6febe00d1006d85e155"
"md","checklist","gds","gds/workflows/gametest/e2e-scaffold/checklist.md","0bf93f3994d88ea73024ddb90682a78b7d5d2ac9f39e0db18f372be06f79bff1"
"md","checklist","gds","gds/workflows/gametest/performance/checklist.md","20ab16701d3b0e51b90bcf394f9a74afc40e3db8e04dbdc6fff6f88287639954"
"md","checklist","gds","gds/workflows/gametest/playtest-plan/checklist.md","7d504957f7edb22081f5ae01b6f35db118414c33b4f612b6cd08b5f71645cbf3"
"md","checklist","gds","gds/workflows/gametest/test-design/checklist.md","5346d6af9545fed2f338834d58624b84598e4527cc21718b77bf9166b8a80840"
"md","checklist","gds","gds/workflows/gametest/test-framework/checklist.md","cb4e9255f7386eed2244e77d74a9086980950f3d62927f38f6ee7707676c1a39"
"md","checklist","gds","gds/workflows/gametest/test-review/checklist.md","2444685b29ed742dacfbab77f17cfbc17bd2fd4f91917afb01eb2b9c3f33ffca"
"md","compatibility-testing","gds","gds/gametest/knowledge/compatibility-testing.md","52647005c34e8219084c35536c6bcdec284936cdaf215cd0c6d130804f3823d7"
"md","deep-dive-instructions","gds","gds/workflows/document-project/workflows/deep-dive-instructions.md","8cb3d32d7685e5deff4731c2003d30b4321ef6c29247b3ddbe672c185e022604"
"md","deep-dive-template","gds","gds/workflows/document-project/templates/deep-dive-template.md","6198aa731d87d6a318b5b8d180fc29b9aa53ff0966e02391c17333818e94ffe9"
"md","e2e-testing","gds","gds/gametest/knowledge/e2e-testing.md","e6480e6a6011c21fd68dc4eeb1d00653773c5436c67b7baaaa22ab168fc4aa69"
"md","fighting","gds","gds/workflows/2-design/gdd/game-types/fighting.md","52e5a142aac496ae7154fc0829bfbce1ef22296f0a464cf8e595aa14ca02eb86"
"md","full-scan-instructions","gds","gds/workflows/document-project/workflows/full-scan-instructions.md","6c6e0d77b33f41757eed8ebf436d4def69cd6ce412395b047bf5909f66d876aa"
"md","game-brief-template","gds","gds/workflows/1-preproduction/game-brief/templates/game-brief-template.md","6d5555fae3763e8528898663d51276e0cc7d2d9725a8c74162d8e9732dbc5843"
"md","game-context","gds","gds/workflows/1-preproduction/brainstorm-game/game-context.md","d0f5cb4d6151bb65b799676281ea2af0fe1b5ec227c92ceba655ba363e18a0ba"
"md","gdd-template","gds","gds/workflows/2-design/gdd/templates/gdd-template.md","070ccbb7f491dc1b1d126245c2e4db4a55dbc5a7ee6a6df4be521ca70e3c9ea6"
"md","godot-testing","gds","gds/gametest/knowledge/godot-testing.md","17b51e665fe6c0e49d7619710bf5a199b3feb3de2f035aff03075a2e7aadf4ac"
"md","horror","gds","gds/workflows/2-design/gdd/game-types/horror.md","7ff7599d5701bb7a8ef0e14f3ba614626cdd0d8960a8e880fc1cd41c5f508f75"
"md","idle-incremental","gds","gds/workflows/2-design/gdd/game-types/idle-incremental.md","515b52bb301e467c1f096cc55abde47159bb0b0d87157b9fa565973b48601ddf"
"md","index-template","gds","gds/workflows/document-project/templates/index-template.md","42c8a14f53088e4fda82f26a3fe41dc8a89d4bcb7a9659dd696136378b64ee90"
"md","input-testing","gds","gds/gametest/knowledge/input-testing.md","331c6c844db592deac86847e3982b5fad8ebb7ead322ab637093f92152bfe90d"
"md","instructions","gds","gds/workflows/1-preproduction/brainstorm-game/instructions.md","fe4b0c22f052195953ce1245a93d4d39e4587916e3238870b33533ed4a87a230"
"md","instructions","gds","gds/workflows/1-preproduction/game-brief/instructions.md","52c96d0b4cf239e0e9a27eff984d83270e668d72ad2eefa700477fa54f18acc8"
"md","instructions","gds","gds/workflows/3-technical/game-architecture/instructions.md","041d5ef4cca1e55164702e592e1ea885236091f409dfe759c043c4cadfada930"
"md","instructions","gds","gds/workflows/4-production/correct-course/instructions.md","8eacdaf0f17a3bace716644d57ee57412de2aa4a5ddc30053307e87d6be7b427"
"md","instructions","gds","gds/workflows/4-production/retrospective/instructions.md","e579b38c204b946fa4cdd2a02dff701849464fedcbc43437a36ac0ce3310f596"
"md","instructions","gds","gds/workflows/4-production/sprint-planning/instructions.md","3e00b6992a755f9eb85330012c84b82ce3844d5616fb16066cd2addd4cd25b65"
"md","instructions","gds","gds/workflows/4-production/sprint-status/instructions.md","cf11365a6f7345eb60d614737ed865e2aea6badd284620f5ff7287e0430eedd4"
"md","instructions","gds","gds/workflows/document-project/instructions.md","f94a2ad09b715f0e6132e3a3d168935f3373fa4314d8f8fe27274a04d9b13684"
"md","instructions","gds","gds/workflows/gametest/automate/instructions.md","fc9f11d0354d5497a27e502130bfb7498faa9d300d2c27d2febc15a2422f27bd"
"md","instructions","gds","gds/workflows/gametest/e2e-scaffold/instructions.md","bf413c36988edbca364d902bc21151944ff85999f0bf3a387ce0742a79ad8015"
"md","instructions","gds","gds/workflows/gametest/performance/instructions.md","a80a721d90554e9035f6b28f74758ed629e06b6ac73e0b589e000c31fa533045"
"md","instructions","gds","gds/workflows/gametest/playtest-plan/instructions.md","321572c884130c42fa8fa2b5c9e9f8f91e32d55c98725966b099cfaa3b76151e"
"md","instructions","gds","gds/workflows/gametest/test-design/instructions.md","3bc5ae4e71f683ec85a152bd9af290256d87b3259ee0e33452909e7512a8a303"
"md","instructions","gds","gds/workflows/gametest/test-framework/instructions.md","27181af5f340b0fbaaf97e574d219969aa297a9398b948c48442ac3d3002dce4"
"md","instructions","gds","gds/workflows/gametest/test-review/instructions.md","121fae69fe2f5acb21bdac941d4258b9bee68300476d242e912b3f9fe0dfaa9e"
"md","instructions-narrative","gds","gds/workflows/2-design/narrative/instructions-narrative.md","a1bd5b1db3f4174ce134f6f930f66d9a955b649c0ab73d8594240c8f533eaa98"
"md","localization-testing","gds","gds/gametest/knowledge/localization-testing.md","6eee5cccfd9a81db853a8aa2327bd5f898276155a0868758a2c76c6e9094d0fe"
"md","metroidvania","gds","gds/workflows/2-design/gdd/game-types/metroidvania.md","2a8c101dda7911d1cd1d9c66d1be86af3725832f5dcc7fab71e95204f45614ea"
"md","moba","gds","gds/workflows/2-design/gdd/game-types/moba.md","92d0ba9f7508a38d5bfeac1651c6aee8a1a58c54659ad3f0e0d1fd678a1ef498"
"md","multiplayer-testing","gds","gds/gametest/knowledge/multiplayer-testing.md","51ac9e47ba1a8ddae7720d301f97596d67d72252d91cd44338fd73353fc5969d"
"md","narrative-template","gds","gds/workflows/2-design/narrative/templates/narrative-template.md","a97e07173c540f85e946eb9c525e1ccad9294ae5f970760f2a9c537b5c0dcd6b"
"md","party-game","gds","gds/workflows/2-design/gdd/game-types/party-game.md","0cc50b3aede0c45c94cdff743cdac2d8ad67421ea80497a29d2300a1744ea703"
"md","performance-template","gds","gds/workflows/gametest/performance/performance-template.md","4bd04e73953f2f3dedff20b9032f99023656f141f21c080e49f15060c64ffa80"
"md","performance-testing","gds","gds/gametest/knowledge/performance-testing.md","b9acfb6f8d20b9f9d2e7b83419298f3053f6fc5dab5cb9005898d133556c09fe"
"md","playtest-template","gds","gds/workflows/gametest/playtest-plan/playtest-template.md","8fa7654007f4f881f0167cb252b6b9ca63c0735fb9e6ef63a4bc81954b428f47"
"md","playtesting","gds","gds/gametest/knowledge/playtesting.md","bd989a375d3e444da9b892bf0e33ed98c9f9d88f578f260501c3eaf7553d0b3c"
"md","project-context-template","gds","gds/workflows/3-technical/generate-project-context/project-context-template.md","4816f83b0edc8c7e19a57e4a4a6419ca40953fc7dcd48326700f2876e77c60fa"
"md","project-overview-template","gds","gds/workflows/document-project/templates/project-overview-template.md","a7c7325b75a5a678dca391b9b69b1e3409cfbe6da95e70443ed3ace164e287b2"
"md","puzzle","gds","gds/workflows/2-design/gdd/game-types/puzzle.md","f9c08b6f087bfaa41ea08c9dfa78aa034f5ae46b627b9f476bdf8b4f5c3389ed"
"md","qa-automation","gds","gds/gametest/knowledge/qa-automation.md","1de6d14ea9299a2b73a2da33dff6c5b4c1bf5757365a5449968589baaa123cbc"
"md","racing","gds","gds/workflows/2-design/gdd/game-types/racing.md","085ea5d0914d7bc6a233c479d0ad6288a575ad1c8b9a8a85881e779fac0e60fc"
"md","regression-testing","gds","gds/gametest/knowledge/regression-testing.md","bbf85811219194de9df3499277f93427d2cc623384a8f1ac22726067ab6426dd"
"md","rhythm","gds","gds/workflows/2-design/gdd/game-types/rhythm.md","83bbf1761fdc604b8c2b50ed86c5874cce331417e1b3a46c65cb6c4c1a7c8db2"
"md","roguelike","gds","gds/workflows/2-design/gdd/game-types/roguelike.md","fb1ebc838011020a6f740e6fb4f2ceb81be8477f9c67bc7ae3a8e34dfe548f00"
"md","rpg","gds","gds/workflows/2-design/gdd/game-types/rpg.md","5aa57ecefb448a0507ee0c8d503b43bd34d0c612ba130240d1af9842b80cba50"
"md","sandbox","gds","gds/workflows/2-design/gdd/game-types/sandbox.md","836f656bbaae549f31ac574c0865a61de451c08ab8c561db2c93398e147ece85"
"md","save-testing","gds","gds/gametest/knowledge/save-testing.md","b64e42def93f604dcfadd6ed81c8950e1d0eb75d936f1da7de3f727323e76201"
"md","shooter","gds","gds/workflows/2-design/gdd/game-types/shooter.md","2452850295ac2b9fac04ce2d6126bfc19bb7dccbb04c40e7f89c801aecc5555d"
"md","simulation","gds","gds/workflows/2-design/gdd/game-types/simulation.md","fd74a7d21243f8d9827fe6a99263579309bc0aabd9e56261d3dd4eb5cfc75ad5"
"md","smoke-testing","gds","gds/gametest/knowledge/smoke-testing.md","41843100e39f9a2d48316623d979cfdeed5f0977db5241a1a52f1049301dcd6f"
"md","source-tree-template","gds","gds/workflows/document-project/templates/source-tree-template.md","109bc335ebb22f932b37c24cdc777a351264191825444a4d147c9b82a1e2ad7a"
"md","sports","gds","gds/workflows/2-design/gdd/game-types/sports.md","2247ea87dbca74e879f8c686d9e80434618e9e61bd3572739274c1af64cb0bb8"
"md","step-01-discover","gds","gds/workflows/3-technical/generate-project-context/steps/step-01-discover.md","41a123ead9f18cc92b2d3cf021729593f16250f4891887c7416afa519914b61a"
"md","step-01-init","gds","gds/workflows/1-preproduction/brainstorm-game/steps/step-01-init.md","4b1fe3124f00777455335465d279b2bbb601733bb716e80d7849386d44ebbbef"
"md","step-01-init","gds","gds/workflows/1-preproduction/game-brief/steps/step-01-init.md","d953e42b3faa18bd98e8381035bd527f08c02d3b06a712a7ad6f06a36d8cd23d"
"md","step-01-init","gds","gds/workflows/2-design/gdd/steps/step-01-init.md","d36cac85a5a3809d78ce814e1ff27aeee1b7c0d01a7b56fa0d2f313b22940e96"
"md","step-01-init","gds","gds/workflows/2-design/narrative/steps/step-01-init.md","4a93b02e78740fa864c979c14dc1833a9f4e3fee42bfe531488a2f1fe00ce49d"
"md","step-01-init","gds","gds/workflows/3-technical/game-architecture/steps/step-01-init.md","3d8f57c2519e0139515b95303276b6d0b3fe7b6f66fb31d360289a0bcd282fec"
"md","step-01-mode-detection","gds","gds/workflows/gds-quick-flow/quick-dev/steps/step-01-mode-detection.md","559589dab2ef99a511ecdbaf28bb3ec300d499d15849082f431afa25f85ff56c"
"md","step-01-understand","gds","gds/workflows/gds-quick-flow/quick-spec/steps/step-01-understand.md","7e2c7698d7da7bceeddc911ad655a5fa97e244884c9a8f02385580c7f8bedc8b"
"md","step-01b-continue","gds","gds/workflows/1-preproduction/game-brief/steps/step-01b-continue.md","be50cbd1236b561262c1bb4e0a25897c4d0696b48432fd2a3ac8344da8176453"
"md","step-01b-continue","gds","gds/workflows/2-design/gdd/steps/step-01b-continue.md","6f7e482a81d32648d864a7642cb24584e4215d75ec0ceb2f9f117889b148c9e1"
"md","step-01b-continue","gds","gds/workflows/2-design/narrative/steps/step-01b-continue.md","9eede2453110c93304a7f87c635356c50f18e3deb2489b066d95876ee1aa84fc"
"md","step-01b-continue","gds","gds/workflows/3-technical/game-architecture/steps/step-01b-continue.md","141833539a9b85afbd17532dd824656fe9afac4b8a703c94bbc706de67e929cf"
"md","step-02-context","gds","gds/workflows/1-preproduction/brainstorm-game/steps/step-02-context.md","b076cb266277fcc1a52514ca7c73ecf209bd6ee2f55d82c46215d8f363fc64c4"
"md","step-02-context","gds","gds/workflows/2-design/gdd/steps/step-02-context.md","bd7fe4a5a414d8172d1e1508038211f5e77348924ef549935ff2b24213da9cb8"
"md","step-02-context","gds","gds/workflows/3-technical/game-architecture/steps/step-02-context.md","bf3779d8a1556a679a1ee4825e67e061fef3336af5a658b5fe2fb8f2c628634e"
"md","step-02-context-gathering","gds","gds/workflows/gds-quick-flow/quick-dev/steps/step-02-context-gathering.md","42af31bd5e4f6e7e93b88e76900a612ec49df14c8283c7bcd583f8975dadb7c6"
"md","step-02-foundation","gds","gds/workflows/2-design/narrative/steps/step-02-foundation.md","cd1471c20d99a77b8dcd5cd1fc62409e0112a1bf3a46f791fc69cb3e55464ed0"
"md","step-02-generate","gds","gds/workflows/3-technical/generate-project-context/steps/step-02-generate.md","efcb26d55245547bf6746f319cd0057e4ad8aff8dd1b0cfacda31ecaa24fa9d4"
"md","step-02-investigate","gds","gds/workflows/gds-quick-flow/quick-spec/steps/step-02-investigate.md","cbc69e596f11b4dda2c50976f8c025b91f496951e322fbf1d955aae1f4862801"
"md","step-02-vision","gds","gds/workflows/1-preproduction/game-brief/steps/step-02-vision.md","b9d7aa0ed6d86d98b8b4105234cd2f9dc769d769e99e6f34b80d4b061c69838d"
"md","step-03-complete","gds","gds/workflows/3-technical/generate-project-context/steps/step-03-complete.md","30e45e59228a887210e5791bc9f87e29d459579c423db761d72acd9f154c91d8"
"md","step-03-execute","gds","gds/workflows/gds-quick-flow/quick-dev/steps/step-03-execute.md","9d450a2cc7ab47a5c707f58c8141d1200fa823b4ed96e4a69a3044107c3168ed"
"md","step-03-generate","gds","gds/workflows/gds-quick-flow/quick-spec/steps/step-03-generate.md","682a67521e81e9e795cca327b8119cc69f33ffbc2c46e64f487e00aaa192d743"
"md","step-03-ideation","gds","gds/workflows/1-preproduction/brainstorm-game/steps/step-03-ideation.md","d8d8e89fe136139e93fa0fd84428a28f1395786968565413fc2ff84ab7e9b6db"
"md","step-03-market","gds","gds/workflows/1-preproduction/game-brief/steps/step-03-market.md","ea503838c74920f0b3441d8ea0711fda889774063dd6d76bca74769080c34c10"
"md","step-03-platforms","gds","gds/workflows/2-design/gdd/steps/step-03-platforms.md","7fd1cdb0f12f79c87325ad5c5a7cc36f9239ae59eb821643b0c7fddde6123d3e"
"md","step-03-starter","gds","gds/workflows/3-technical/game-architecture/steps/step-03-starter.md","9471a20b83ffc68c4f1091cb5b1897798b78ef0aaa78be85f51e07de80667655"
"md","step-03-story","gds","gds/workflows/2-design/narrative/steps/step-03-story.md","ebc473bb53ca9aa16cca73f47b1227c2e420816ab64ebc746486005ebbff78ce"
"md","step-04-characters","gds","gds/workflows/2-design/narrative/steps/step-04-characters.md","69c24a44fe5bc7adca75da5c4117e41e50761da5f75aed1a2e5d72b51a43153a"
"md","step-04-complete","gds","gds/workflows/1-preproduction/brainstorm-game/steps/step-04-complete.md","5014fe583858fa71e8b95efd30aa473579060f13258b42ee83fcce9402afb7ce"
"md","step-04-decisions","gds","gds/workflows/3-technical/game-architecture/steps/step-04-decisions.md","26a033cf15cf4d619fd5decb21ec15774a854c2735f6b75ff3e053f4d87567ac"
"md","step-04-fundamentals","gds","gds/workflows/1-preproduction/game-brief/steps/step-04-fundamentals.md","b6e8f60002b5f82b14d24fc932fcf3925337e6715bfe99e6dd067f3fd9b3febe"
"md","step-04-review","gds","gds/workflows/gds-quick-flow/quick-spec/steps/step-04-review.md","932b6f72cc250758501aca154c12e64d0ea0eb9fb4df139042595b812798afb5"
"md","step-04-self-check","gds","gds/workflows/gds-quick-flow/quick-dev/steps/step-04-self-check.md","885162d6f1f10c8ff0a46d75f194e4355c7f14fec034b7a35ebe291162fdd1e7"
"md","step-04-vision","gds","gds/workflows/2-design/gdd/steps/step-04-vision.md","67641531a4d23d8df89a8a82506f54577fc8034a8f168fa687cc2fbf25397993"
"md","step-05-adversarial-review","gds","gds/workflows/gds-quick-flow/quick-dev/steps/step-05-adversarial-review.md","2b5cf130349aba39f3257a4d7bf0ba83be3aebc55666cdfad4681b4371314a4d"
"md","step-05-core-gameplay","gds","gds/workflows/2-design/gdd/steps/step-05-core-gameplay.md","2f66dcc808ad355718ab63fd8a7358d3c6bb969f7f3f40f7c8ac18524b864d2e"
"md","step-05-crosscutting","gds","gds/workflows/3-technical/game-architecture/steps/step-05-crosscutting.md","0daedd13e4423d14ce5c885c84e27dc9011d5247fda1d5f962eee7849db6303f"
"md","step-05-scope","gds","gds/workflows/1-preproduction/game-brief/steps/step-05-scope.md","2b4f9a952861cb41a00f4d503525cda27783da8db8ac9db77706afe3e5c0ae78"
"md","step-05-world","gds","gds/workflows/2-design/narrative/steps/step-05-world.md","09acfae45b7f5507e294c518ce9365e1462a76cd5687e622bd94aca6dc3c5b44"
"md","step-06-dialogue","gds","gds/workflows/2-design/narrative/steps/step-06-dialogue.md","57a73c46ac06f0606fcd41b7a98551b44e76a1cfbdea31a4722118b4a576f00b"
"md","step-06-mechanics","gds","gds/workflows/2-design/gdd/steps/step-06-mechanics.md","a389c23ae6d4e72b08f0b36431ba598340a6209fb13bea49ff5b749129bd5cad"
"md","step-06-references","gds","gds/workflows/1-preproduction/game-brief/steps/step-06-references.md","930679a2b62f1202a8d3b8b41a5645fe2d04651d752d270b83f727942b0d98b6"
"md","step-06-resolve-findings","gds","gds/workflows/gds-quick-flow/quick-dev/steps/step-06-resolve-findings.md","750c3fa08a26ffd3a34b271121330191dc7217ea78ca652d7feeeaac1b74513c"
"md","step-06-structure","gds","gds/workflows/3-technical/game-architecture/steps/step-06-structure.md","cb1b2e7d7fd48cd54fca5557b2b12b532520676c32da81471cfa87061dc19a0d"
"md","step-07-content","gds","gds/workflows/1-preproduction/game-brief/steps/step-07-content.md","3bc267964fb399d76e8ff534353e6940455eb678e845bd0e59e51c104f4b9936"
"md","step-07-environmental","gds","gds/workflows/2-design/narrative/steps/step-07-environmental.md","fe2cadbaa19de1d6ad9762966e19a81a2dae6e1eab5126c029c260d4b7de4d1a"
"md","step-07-game-type","gds","gds/workflows/2-design/gdd/steps/step-07-game-type.md","0c88613c365b5fb0eb95090c31d0770a747949a82cb48bddd7677146a2f549e8"
"md","step-07-patterns","gds","gds/workflows/3-technical/game-architecture/steps/step-07-patterns.md","b67bf6045842d7cd36ab3c721dd6c42817c231a3356ecc778537263b8b15234e"
"md","step-08-complete","gds","gds/workflows/1-preproduction/game-brief/steps/step-08-complete.md","d7a43059f1eef7ca96fb499c0ae413e4149d6f6b130474f9f7ed5b5e90c2be6c"
"md","step-08-delivery","gds","gds/workflows/2-design/narrative/steps/step-08-delivery.md","bf9212748fc7f2c47a9fbafddc65c86c01b3357785414e0ba26603cd651ef3cb"
"md","step-08-progression","gds","gds/workflows/2-design/gdd/steps/step-08-progression.md","e521e7481c48d878ccf1bfa9e0c69bac902fbba59407f63e301fb49194a26f18"
"md","step-08-validation","gds","gds/workflows/3-technical/game-architecture/steps/step-08-validation.md","dd09a6cf450caaf432c6839fa6e1cabe503a04e7789c7f2152196dabaf3bb0a0"
"md","step-09-complete","gds","gds/workflows/3-technical/game-architecture/steps/step-09-complete.md","cfeb0ef94f8fc0ff0b74ed1aaa1e003c3a18fdb01f64e83af6173f70cd3c0ba8"
"md","step-09-integration","gds","gds/workflows/2-design/narrative/steps/step-09-integration.md","a494f4a0298ef5b90be47773123dc55c8f0876e15a68b82b6b0edc0630411700"
"md","step-09-levels","gds","gds/workflows/2-design/gdd/steps/step-09-levels.md","c5a63d5b2f6e5145c047e98b260d5f9ec90c3eb1a1ae9b14972f4201597f9e06"
"md","step-10-art-audio","gds","gds/workflows/2-design/gdd/steps/step-10-art-audio.md","d5decafe7277da1321e1aefaaca0774938ad3ebbbca3cc4de85ac46e6bd3b23c"
"md","step-10-production","gds","gds/workflows/2-design/narrative/steps/step-10-production.md","b52a855de7fd571f8b52b59ebb3f83530a6e44e201cd9d5286531be53c85fc63"
"md","step-11-complete","gds","gds/workflows/2-design/narrative/steps/step-11-complete.md","468833f1600780bf402dad1fc267ebe824dd7fe44bc33fb478f65d1f6564f925"
"md","step-11-technical","gds","gds/workflows/2-design/gdd/steps/step-11-technical.md","e4e702adeb5cb0c7b1bbf4ad1dc8dc09e611fc20aa8fbd165b8eefdeb9592c09"
"md","step-12-epics","gds","gds/workflows/2-design/gdd/steps/step-12-epics.md","656bbaf0ad80c3e88424e8ebf143047d705e7f3f3ad21873b1a51f57e873120d"
"md","step-13-metrics","gds","gds/workflows/2-design/gdd/steps/step-13-metrics.md","7ef841a20b3ad5e285322c291fbfb2a681d111bcdda5d8d032f6cae2d621b3f9"
"md","step-14-complete","gds","gds/workflows/2-design/gdd/steps/step-14-complete.md","b504cd39b5e2b89ed051421bd84a1a34e2a75573857fcad191796c0afffc6a5c"
"md","strategy","gds","gds/workflows/2-design/gdd/game-types/strategy.md","997380919f6c1b408906c364f74e728b9c6b45bf2960d1f0bfe8b0def594735e"
"md","survival","gds","gds/workflows/2-design/gdd/game-types/survival.md","3647795ee0073a85217633412a41a938e51a553776acbe9ac953fb403e3437f9"
"md","tech-spec-template","gds","gds/workflows/gds-quick-flow/quick-spec/tech-spec-template.md","6e0ac4991508fec75d33bbe36197e1576d7b2a1ea7ceba656d616e7d7dadcf03"
"md","template","gds","gds/workflows/4-production/create-story/template.md","29ba697368d77e88e88d0e7ac78caf7a78785a7dcfc291082aa96a62948afb67"
"md","test-design-template","gds","gds/workflows/gametest/test-design/test-design-template.md","3e1811023e6bf76ac1157903999380041fddffdddadfea18ec5872242d1d5eb1"
"md","test-priorities","gds","gds/gametest/knowledge/test-priorities.md","bf1c726cfcbd44511a97820e1c4d4de1f4b2579ca97cd216f91b91fbeb72e04a"
"md","test-review-template","gds","gds/workflows/gametest/test-review/test-review-template.md","62f64abc9e42f3014f65b7a663477ea2ae84eea7da423508761535da67d9ad0f"
"md","text-based","gds","gds/workflows/2-design/gdd/game-types/text-based.md","5895ca65dc93f676bb33b754f2c6be85d5d9b651df87d8431d404dc9bb736ee7"
"md","tower-defense","gds","gds/workflows/2-design/gdd/game-types/tower-defense.md","03a2cc577fdd1a183ba04409b01b22f2f38713d28f1278481b0f221858f97ec8"
"md","turn-based-tactics","gds","gds/workflows/2-design/gdd/game-types/turn-based-tactics.md","30a150d8a0ab746f0c67d414be79e7e421fff1b8b7a1b716e64800df72bdb6c2"
"md","unity-testing","gds","gds/gametest/knowledge/unity-testing.md","17b84ad2c6b651cad40edf697991be60b86aa80d3c98666c08b71e8908474492"
"md","unreal-testing","gds","gds/gametest/knowledge/unreal-testing.md","0ca53c31bd4c65dac328488433b49b7673e25f47e9945d9abfa9644c43bf2572"
"md","visual-novel","gds","gds/workflows/2-design/gdd/game-types/visual-novel.md","2d98f4c682f0abbd6330ac1bad04600c596e6b27302adbe9510fc0c0bf53052c"
"md","workflow","gds","gds/workflows/1-preproduction/brainstorm-game/workflow.md","0cee2a5de70aad957486b692430c37ebc7de9f66a5f548842cb32d0d0c6fd47b"
"md","workflow","gds","gds/workflows/1-preproduction/game-brief/workflow.md","20db8a435b6b4c78bc69480d7c36928409a0dfd89f17fa12c6c82825d189dc9c"
"md","workflow","gds","gds/workflows/2-design/gdd/workflow.md","20a75c38c6b2555f0fb614158ee645b40c1994b834f33021c045132985edc123"
"md","workflow","gds","gds/workflows/2-design/narrative/workflow.md","15f0ca50dcbc7ad12e8ec9341f1e35222b035da437bb85ffdedcfc9a7aa3e2e0"
"md","workflow","gds","gds/workflows/3-technical/game-architecture/workflow.md","7b37e6faae0087d6e009b9a9b5db6237393f89b1c6928f64c7fac40b41b18d6f"
"md","workflow","gds","gds/workflows/3-technical/generate-project-context/workflow.md","e3fbfce132f3c5fde2382c6d4370816e3117b153a21fd85da285e17c5023a1e9"
"md","workflow","gds","gds/workflows/gds-quick-flow/quick-dev/workflow.md","69ff83470d7aaa03e0083c774118241c967728eb6ad98e10d5c5b09a219cf2bd"
"md","workflow","gds","gds/workflows/gds-quick-flow/quick-spec/workflow.md","6dd1061d9a5362d07a6531b8019c2f0d581a7fc98256fa30cc7b193b462087c4"
"xml","instructions","gds","gds/workflows/4-production/code-review/instructions.xml","5d6606c85b521f02a3281cb10b890fd526c4df98b5216d598e771aca30c67038"
"xml","instructions","gds","gds/workflows/4-production/create-story/instructions.xml","46c2189f0dd4dd6c0f3ef14fe64515ccef2187d04c2d1b776dd459024dca1a1d"
"xml","instructions","gds","gds/workflows/4-production/dev-story/instructions.xml","b8121903cd3c7b1a6be63997274d5079e9d1b23a421e5aeeddabe1cfe9e011f5"
"yaml","architecture-patterns","gds","gds/workflows/3-technical/game-architecture/architecture-patterns.yaml","3beef746fa0378022a3b98363a6a42a01a6268ecade801215a0bd331ed02a1d3"
"yaml","config","gds","gds/config.yaml","9ce812ffccfb7846c13d1aa567975192279bcac1c07b32f1ce3f60f9b57d1907"
"yaml","decision-catalog","gds","gds/workflows/3-technical/game-architecture/decision-catalog.yaml","9b11cc159e4e74e7c3c9782bc3772ca7fc9192afee712c4eed0938994bbc3412"
"yaml","deep-dive","gds","gds/workflows/document-project/workflows/deep-dive.yaml","a4f2b073001670580e6993431f2c77761b0548ebe706b512d62cb25f69ac8780"
"yaml","engine-mcps","gds","gds/workflows/3-technical/game-architecture/engine-mcps.yaml","5a2388ec24cb3eaf94273dd31ff98792aa02659cdaa1e9800af7e507e1cd6e77"
"yaml","full-scan","gds","gds/workflows/document-project/workflows/full-scan.yaml","613724d834d5e40bc6915154b9197637f4b509607399989f1dde96ef4610dad1"
"yaml","sprint-status-template","gds","gds/workflows/4-production/sprint-planning/sprint-status-template.yaml","de75fe50bd5e3f4410ccc99fcd3f5dc958733b3829af1b13b4d7b0559bbca22b"
"yaml","team-gamedev","gds","gds/teams/team-gamedev.yaml","f362ed346e2339a9f07456c3d4cc20431b74c96330c02af902e0324a9fa4ff0d"
"yaml","workflow","gds","gds/workflows/1-preproduction/brainstorm-game/workflow.yaml","46467e3e4097238b28cf234084f42cdf74ef6c451ca88bc9e134e1a2999cf9cb"
"yaml","workflow","gds","gds/workflows/1-preproduction/game-brief/workflow.yaml","acf9f6e6442b660c1fcd444aea2b76834c1328ae9aba4b30f5bc7147ab24cf5d"
"yaml","workflow","gds","gds/workflows/2-design/gdd/workflow.yaml","17b80d345034837a9ecc4b186f85e5f2489db09d770c4e8d04e5c1bfb6126118"
"yaml","workflow","gds","gds/workflows/2-design/narrative/workflow.yaml","b00bb2a0558db6429d1044a77c2a3754d310680a8283f9162da8529897ad5aeb"
"yaml","workflow","gds","gds/workflows/3-technical/game-architecture/workflow.yaml","5b6eff7543f1644087f40d85a8670c60c0e94497f508563ed4a0353e6de12e87"
"yaml","workflow","gds","gds/workflows/4-production/code-review/workflow.yaml","bf16c0faefd9ebcf9f994c4790e21d6060cc947cc0dbf8ebeabfffaec3b49a75"
"yaml","workflow","gds","gds/workflows/4-production/correct-course/workflow.yaml","84a7eb4c92187866c75d6d2d008cc421bf37deeba5bae26f01f1f99124ed6ce2"
"yaml","workflow","gds","gds/workflows/4-production/create-story/workflow.yaml","be667ef4eff2f0d9915e269ed7e7e9fef506fcb3dde76328f70359b505c951b2"
"yaml","workflow","gds","gds/workflows/4-production/dev-story/workflow.yaml","7b460051805fbb906661a0952185bc283455a05ea05a5a613d20d4280d0d9cf0"
"yaml","workflow","gds","gds/workflows/4-production/retrospective/workflow.yaml","010fe2d358c1543036a3fb0377c15c0215628ed3522c5944bc118240abf3a59e"
"yaml","workflow","gds","gds/workflows/4-production/sprint-planning/workflow.yaml","347eafa2e3d6303c24ee936587b7429cc844b0ce78e1f5b7ee290c172c2a924b"
"yaml","workflow","gds","gds/workflows/4-production/sprint-status/workflow.yaml","bcec1ec3bf7687d58d03d7d055f3e04c6f7b4a817c85f4303ac8140ff8e53c03"
"yaml","workflow","gds","gds/workflows/document-project/workflow.yaml","7de522c44dc2d19e5ff517312de49b3178b956d8c365a2d687c61819f38d1a43"
"yaml","workflow","gds","gds/workflows/gametest/automate/workflow.yaml","2c34990037df5535f0e39fb972df110b466bcc3f3888a840c65e65b0360f3524"
"yaml","workflow","gds","gds/workflows/gametest/e2e-scaffold/workflow.yaml","e1429fe97eed8862fc57552415a9375c35f85575d7c749e063971343375294af"
"yaml","workflow","gds","gds/workflows/gametest/performance/workflow.yaml","62acd6275af14f2773897fc71b6d787efa1c19974b080939b1c08cdc832738bd"
"yaml","workflow","gds","gds/workflows/gametest/playtest-plan/workflow.yaml","9fd378540dccd4ee655c6c07e5a23cbaf05dbbd4675090c0e72a4cec4d32e2e6"
"yaml","workflow","gds","gds/workflows/gametest/test-design/workflow.yaml","e0377a0e2c8ec339cf75fde78d06cff61b329a76794a3af327d44eb8e5dd77b4"
"yaml","workflow","gds","gds/workflows/gametest/test-framework/workflow.yaml","13aa60cc9d6da153f8de06e2f1335554ae348ad11da26ee4030262fcd92053c2"
"yaml","workflow","gds","gds/workflows/gametest/test-review/workflow.yaml","25f23d38a61e88fd6752ac78fbf5e8952b6ef8372e3b14cf6590a3a05630e951"
